id,title,original_title,overview,release_date,vote_average,vote_count,popularity,poster_path,backdrop_path,genres,keywords,runtime,original_language,adult,cast,director,poster_url,backdrop_url
27205,Inception,Inception,"Cobb, a skilled thief who commits corporate espionage by infiltrating the subconscious of his targets, is offered a chance to regain his old life as payment for a task considered to be impossible: ""inception"", the implantation of another person's idea into a target's subconscious.",2010-07-15,8.4,36000,85.5,/xlaY2zyzMfkhk0HSC5VUwzoZPU1.jpg,/8ZTVqvKDQ8emSGUEMjsS4yHAwrp.jpg,"Action, Science Fiction, Adventure","dream, subconscious, heist, mind, architecture, espionage",148,en,False,"Leonardo DiCaprio, Joseph Gordon-Levitt, Elliot Page, Tom Hardy, Ken Watanabe",Christopher Nolan,https://image.tmdb.org/t/p/w500/xlaY2zyzMfkhk0HSC5VUwzoZPU1.jpg,https://image.tmdb.org/t/p/w1280/8ZTVqvKDQ8emSGUEMjsS4yHAwrp.jpg
157336,Interstellar,Interstellar,The adventures of a group of explorers who make use of a newly discovered wormhole to surpass the limitations on human space travel and conquer the vast distances involved in an interstellar voyage.,2014-11-05,8.4,34500,92.4,/yQvGrMoipbRoddT0ZR8tPoR7NfX.jpg,/xJHokMbljvjADYdit5fK5VQsXEG.jpg,"Adventure, Drama, Science Fiction","space, wormhole, black hole, time dilation, astronaut, exploration, nasa",169,en,False,"Matthew McConaughey, Anne Hathaway, Jessica Chastain, Michael Caine, Matt Damon",Christopher Nolan,https://image.tmdb.org/t/p/w500/yQvGrMoipbRoddT0ZR8tPoR7NfX.jpg,https://image.tmdb.org/t/p/w1280/xJHokMbljvjADYdit5fK5VQsXEG.jpg
155,The Dark Knight,The Dark Knight,"Batman raises the stakes in his war on crime. With the help of Lt. Jim Gordon and District Attorney Harvey Dent, Batman sets out to dismantle the remaining criminal organizations that plague the streets. The partnership proves to be effective, but they soon find themselves prey to a reign of chaos unleashed by a rising criminal mastermind known to the terrified citizens of Gotham as the Joker.",2008-07-16,8.5,32000,88.2,/qJ2tW6WMUDux911r6m7haRef0WH.jpg,/dqK9Hag1054tghRQSqLSfrkvQnA.jpg,"Drama, Action, Crime, Thriller","dc comics, vigilante, superhero, joker, gotham city, crime fighter",152,en,False,"Christian Bale, Heath Ledger, Aaron Eckhart, Michael Caine, Maggie Gyllenhaal",Christopher Nolan,https://image.tmdb.org/t/p/w500/qJ2tW6WMUDux911r6m7haRef0WH.jpg,https://image.tmdb.org/t/p/w1280/dqK9Hag1054tghRQSqLSfrkvQnA.jpg
272,Batman Begins,Batman Begins,"Driven by tragedy, billionaire Bruce Wayne dedicates his life to uncovering and defeating the corruption that plagues his home of Gotham City. Unable to work within the system, he instead creates a new identity, a symbol of fear for the underworld - The Batman.",2005-06-10,7.7,20500,54.3,/sPX89Td70IDDjVr85jdSBb4rWGr.jpg,/4xf9a3N9aP42Z84c8J6pP9nQ2zK.jpg,"Action, Crime, Drama","dc comics, origin, martial arts, gotham city, fear, vigilante",140,en,False,"Christian Bale, Michael Caine, Liam Neeson, Katie Holmes, Gary Oldman",Christopher Nolan,https://image.tmdb.org/t/p/w500/sPX89Td70IDDjVr85jdSBb4rWGr.jpg,https://image.tmdb.org/t/p/w1280/4xf9a3N9aP42Z84c8J6pP9nQ2zK.jpg
49026,The Dark Knight Rises,The Dark Knight Rises,"Following the death of District Attorney Harvey Dent, Batman assumes responsibility for Dent's crimes to protect the late attorney's reputation and is subsequently hunted by the Gotham City Police Department. Eight years later, Batman encounters the mysterious Selina Kyle and the villainous Bane, a new terrorist leader who overwhelms Gotham's finest.",2012-07-16,7.8,22000,62.1,/hr0L2aueqlP2BYUblTTjmtn0hw4.jpg,/c3rwwZkS6z7R0n4qJ47W8j9tX0y.jpg,"Action, Crime, Drama, Thriller","dc comics, bane, catwoman, gotham city, vigilante, superhero",165,en,False,"Christian Bale, Tom Hardy, Anne Hathaway, Gary Oldman, Joseph Gordon-Levitt",Christopher Nolan,https://image.tmdb.org/t/p/w500/hr0L2aueqlP2BYUblTTjmtn0hw4.jpg,https://image.tmdb.org/t/p/w1280/c3rwwZkS6z7R0n4qJ47W8j9tX0y.jpg
603,The Matrix,The Matrix,"Set in the 22nd century, The Matrix tells the story of a computer hacker who joins a group of underground insurgents fighting the vast and powerful computers who now rule the earth.",1999-03-30,8.2,25000,75.8,/dXNAPwY7VrqMAo51EKhhCJfaGb5.jpg,/7u3DmFD23485on87y8aX5d9X8uC.jpg,"Action, Science Fiction","virtual reality, cyberpunk, martial arts, artificial intelligence, simulation, red pill",136,en,False,"Keanu Reeves, Laurence Fishburne, Carrie-Anne Moss, Hugo Weaving, Joe Pantoliano","Lilly Wachowski, Lana Wachowski",https://image.tmdb.org/t/p/w500/dXNAPwY7VrqMAo51EKhhCJfaGb5.jpg,https://image.tmdb.org/t/p/w1280/7u3DmFD23485on87y8aX5d9X8uC.jpg
604,The Matrix Reloaded,The Matrix Reloaded,"Six months after the events depicted in The Matrix, Neo and the rebel leaders estimate that within 72 hours 250,000 machines will reach Zion. Neo decides to visit the Oracle, but on his way he must fight off Smith and other agents.",2003-05-15,7.0,10500,42.1,/8xEVAe84zlL9rkfYT6dZXero4KK.jpg,/53351j4n88v92K811vC6p7xJ0.jpg,"Adventure, Action, Thriller, Science Fiction","virtual reality, cyberpunk, zion, neo, machines, sequel",138,en,False,"Keanu Reeves, Laurence Fishburne, Carrie-Anne Moss, Hugo Weaving, Jada Pinkett Smith","Lilly Wachowski, Lana Wachowski",https://image.tmdb.org/t/p/w500/8xEVAe84zlL9rkfYT6dZXero4KK.jpg,https://image.tmdb.org/t/p/w1280/53351j4n88v92K811vC6p7xJ0.jpg
680,Pulp Fiction,Pulp Fiction,"A burger-loving hit man, his philosophical partner, a drug-addled gangster's moll and a washed-up boxer converge in this sprawling, comedic crime caper. Their adventures unfurl in three stories that ingeniously trip back and forth in time.",1994-09-10,8.5,27000,79.4,/vQWk5YBFWF4bZaofAbv0tShwBvQ.jpg,/suaEOtk1N1sgg2MTM7oZd2cfVp3.jpg,"Thriller, Crime","hitman, organized crime, non-linear, dark comedy, briefcase, overdose",154,en,False,"John Travolta, Samuel L. Jackson, Uma Thurman, Bruce Willis, Ving Rhames",Quentin Tarantino,https://image.tmdb.org/t/p/w500/vQWk5YBFWF4bZaofAbv0tShwBvQ.jpg,https://image.tmdb.org/t/p/w1280/suaEOtk1N1sgg2MTM7oZd2cfVp3.jpg
24,Kill Bill: Vol. 1,Kill Bill: Vol. 1,"An assassin is shot by her ruthless employer, Bill, and other members of their assassination squad through a betrayal. She awakens from a four-year coma and sets out to seek vengeance upon her former team.",2003-10-10,8.0,17000,48.9,/v7TaX8kXMXs5yFFGR41guUDNcnB.jpg,/h1u1418z7g91x24s9uW8yN0.jpg,"Action, Crime","revenge, katana, martial arts, assassin, samurai, kung fu",111,en,False,"Uma Thurman, Lucy Liu, Vivica A. Fox, Daryl Hannah, David Carradine",Quentin Tarantino,https://image.tmdb.org/t/p/w500/v7TaX8kXMXs5yFFGR41guUDNcnB.jpg,https://image.tmdb.org/t/p/w1280/h1u1418z7g91x24s9uW8yN0.jpg
550,Fight Club,Fight Club,"A ticking-time-bomb insomniac and a slippery soap salesman channel primal male aggression into a shocking new form of therapy. Their concept catches on, with underground ""fight clubs"" forming in every town, until an eccentric gets in the way and ignites an out-of-control spiral toward oblivion.",1999-10-15,8.4,28500,76.3,/jSziioSwPVrOy9Yow3XhWIBDjq1.jpg,/hZkgoQYus5vegHoetLkCJzb17zJ.jpg,Drama,"insomnia, alter ego, underground club, anarchism, anti-establishment, soap",139,en,False,"Edward Norton, Brad Pitt, Helena Bonham Carter, Meat Loaf, Jared Leto",David Fincher,https://image.tmdb.org/t/p/w500/jSziioSwPVrOy9Yow3XhWIBDjq1.jpg,https://image.tmdb.org/t/p/w1280/hZkgoQYus5vegHoetLkCJzb17zJ.jpg
807,Se7en,Se7en,"Two homicide detectives are on a desperate hunt for a serial killer whose crimes are based on the ""seven deadly sins"" in this dark and haunting film that takes viewers from the tortured remains of one victim to the next.",1995-09-22,8.4,20500,59.2,/191nKfP0ehp3uIvWqgPbFmI4lv9.jpg,/ba4OhUmgG0iGL69vjVZyj2AaooP.jpg,"Crime, Mystery, Thriller","serial killer, seven deadly sins, detective, dark, rain, investigation",127,en,False,"Brad Pitt, Morgan Freeman, Gwyneth Paltrow, Kevin Spacey, John C. McGinley",David Fincher,https://image.tmdb.org/t/p/w500/191nKfP0ehp3uIvWqgPbFmI4lv9.jpg,https://image.tmdb.org/t/p/w1280/ba4OhUmgG0iGL69vjVZyj2AaooP.jpg
278,The Shawshank Redemption,The Shawshank Redemption,"Imprisoned in the 1940s for the double murder of his wife and her lover, upstanding banker Andy Dufresne begins a new life at the Shawshank prison, where he puts his accounting skills to work for an amoral warden. During his long stretch in prison, Dufresne comes to be admired by the other inmates -- including an older prisoner named Red -- for his integrity and unshakeable sense of hope.",1994-09-23,8.7,26800,98.6,/9cqNxx0GxF0bflZmeSMuL5tnGzr.jpg,/kXfqcdQKsToO0OUXHcrrNCHDBzO.jpg,"Drama, Crime","prison, wrongful imprisonment, escape, friendship, hope, redemption",142,en,False,"Tim Robbins, Morgan Freeman, Bob Gunton, William Sadler, Clancy Brown",Frank Darabont,https://image.tmdb.org/t/p/w500/9cqNxx0GxF0bflZmeSMuL5tnGzr.jpg,https://image.tmdb.org/t/p/w1280/kXfqcdQKsToO0OUXHcrrNCHDBzO.jpg
238,The Godfather,The Godfather,"Spanning the years 1945 to 1955, a chronicle of the fictional Italian-American Corleone crime family. When organized crime family patriarch, Vito Corleone barely survives an attempt on his life, his youngest son, Michael steps in to take care of the would-be killers, launching a campaign of bloody revenge.",1972-03-14,8.7,20400,96.1,/3bhkrj58Vtu7enYsRolD1fZdja1.jpg,/rSPw7tgCH9c6NqICZef4kZjFOQ5.jpg,"Drama, Crime","mafia, organized crime, family patriarch, revenge, italian-american, syndicate",175,en,False,"Marlon Brando, Al Pacino, James Caan, Robert Duvall, Diane Keaton",Francis Ford Coppola,https://image.tmdb.org/t/p/w500/3bhkrj58Vtu7enYsRolD1fZdja1.jpg,https://image.tmdb.org/t/p/w1280/rSPw7tgCH9c6NqICZef4kZjFOQ5.jpg
240,The Godfather Part II,The Godfather Part II,"In the continuing saga of the Corleone crime family, a young Vito Corleone grows up in Sicily and in 1910s New York. In the 1950s, Michael Corleone attempts to expand the family business into Las Vegas, Hollywood and Cuba.",1974-12-20,8.6,12300,64.7,/8a1lJs7mFyGhGhZZDT1azJUoQiZ.jpg,/poec6RqOKY9io6RthiKiCGDOMMG.jpg,"Drama, Crime","mafia, sequel, flashback, corruption, cuba, organized crime",202,en,False,"Al Pacino, Robert Duvall, Diane Keaton, Robert De Niro, John Cazale",Francis Ford Coppola,https://image.tmdb.org/t/p/w500/8a1lJs7mFyGhGhZZDT1azJUoQiZ.jpg,https://image.tmdb.org/t/p/w1280/poec6RqOKY9io6RthiKiCGDOMMG.jpg
496243,Parasite,기생충,"All unemployed, Ki-taek's family takes peculiar interest in the wealthy and glamorous Parks for their livelihood until they get entangled in an unexpected incident.",2019-05-30,8.5,18200,71.3,/7IiTTgloJzvGI1TAYymCfbfl3vT.jpg,/hiKmpZMGZsrkA3cdce8a7Dpos1j.jpg,"Comedy, Thriller, Drama","social inequality, class conflict, scam, dark comedy, south korea, cellar",133,ko,False,"Song Kang-ho, Lee Sun-kyun, Cho Yeo-jeong, Choi Woo-shik, Park So-dam",Bong Joon-ho,https://image.tmdb.org/t/p/w500/7IiTTgloJzvGI1TAYymCfbfl3vT.jpg,https://image.tmdb.org/t/p/w1280/hiKmpZMGZsrkA3cdce8a7Dpos1j.jpg
129,Spirited Away,千と千尋の神隠し,"A young girl, Chihiro, becomes trapped in a strange new world of spirits. When her parents undergo a mysterious transformation, she must call upon the courage she never knew she had to free her family.",2001-07-20,8.5,16400,73.2,/39wmItIWsg5sZMyRUHLkWBcuVCM.jpg,/Ab8mkHmkYADjU7wQiOkia9BzGvS.jpg,"Animation, Family, Fantasy","spirit world, bathhouse, witch, japanese folklore, studio ghibli, dragon",125,ja,False,"Rumi Hiiragi, Miyu Irino, Mari Natsuki, Takashi Naito, Yasuko Sawaguchi",Hayao Miyazaki,https://image.tmdb.org/t/p/w500/39wmItIWsg5sZMyRUHLkWBcuVCM.jpg,https://image.tmdb.org/t/p/w1280/Ab8mkHmkYADjU7wQiOkia9BzGvS.jpg
128,Princess Mononoke,もののけ姫,"Ashitaka, a prince of the disappearing Emishi people, is cursed by a demonized boar god and must travel to the west to find a cure. Along the way, he encounters San, a young human woman fighting to sacrifice herself to save the forest from humankind.",1997-07-12,8.3,7800,45.6,/cMYCDADoLKLbB83g4WnJegaZimC.jpg,/6N3WwWJqZc3b7x8uK9rT8l0pQ1.jpg,"Adventure, Fantasy, Animation","environmental, wolves, forest spirits, industrialization, curse, studio ghibli",134,ja,False,"Yoji Matsuda, Yuriko Ishida, Yuko Tanaka, Kaoru Kobayashi, Masahiko Nishimura",Hayao Miyazaki,https://image.tmdb.org/t/p/w500/cMYCDADoLKLbB83g4WnJegaZimC.jpg,https://image.tmdb.org/t/p/w1280/6N3WwWJqZc3b7x8uK9rT8l0pQ1.jpg
299534,Avengers: Endgame,Avengers: Endgame,"After the devastating events of Avengers: Infinity War, the universe is in ruins due to the efforts of the Mad Titan, Thanos. With the help of remaining allies, the Avengers must assemble once more in order to undo Thanos's actions and restore order to the universe once and for all, no matter what consequences may be in store.",2019-04-24,8.2,25200,89.4,/ulzhLuWrPK07P1YkdWQLZnQh1JL.jpg,/7RyHsO4yDXtBv1zUU3mTpHeQ0d5.jpg,"Adventure, Science Fiction, Action","marvel cinematic universe, time travel, superhero, infinity stones, thanos, avengers",181,en,False,"Robert Downey Jr., Chris Evans, Mark Ruffalo, Chris Hemsworth, Scarlett Johansson","Anthony Russo, Joe Russo",https://image.tmdb.org/t/p/w500/ulzhLuWrPK07P1YkdWQLZnQh1JL.jpg,https://image.tmdb.org/t/p/w1280/7RyHsO4yDXtBv1zUU3mTpHeQ0d5.jpg
299536,Avengers: Infinity War,Avengers: Infinity War,"As the Avengers and their allies have continued to protect the world from threats too large for any one hero to handle, a new danger has emerged from the cosmic shadows: Thanos. A despot of intergalactic infamy, his goal is to collect all six Infinity Stones and inflict his twisted will on all of reality.",2018-04-25,8.2,29000,84.1,/7WsyChQLEftFiDOVTGkv3hFpyyt.jpg,/lmZFxVIz3uj7vKJxsoz3DGdgv28.jpg,"Adventure, Action, Science Fiction","marvel cinematic universe, infinity stones, superhero team, thanos, galactic war",149,en,False,"Robert Downey Jr., Chris Hemsworth, Mark Ruffalo, Chris Evans, Scarlett Johansson","Anthony Russo, Joe Russo",https://image.tmdb.org/t/p/w500/7WsyChQLEftFiDOVTGkv3hFpyyt.jpg,https://image.tmdb.org/t/p/w1280/lmZFxVIz3uj7vKJxsoz3DGdgv28.jpg
98,Gladiator,Gladiator,"In the year 180, the death of emperor Marcus Aurelius throws the Roman Empire into turmoil. Maximus, one of the Roman army's most capable and trusted generals and a key advisor to the emperor, is betrayed and condemned to death by the emperor's corrupt son, Commodus. Maximus escapes, but is captured by slave traders and forced into gladiatorial combat.",2000-05-04,8.2,18000,78.0,/wN2xWp1eIwCKOD0BHTcErTBv1Uq.jpg,/Ar7M3QcK183XQhU1jEa6FqjN4.jpg,"Action, Drama, Adventure","ancient rome, gladiator, revenge, emperor, colosseum, arena, general",155,en,False,"Russell Crowe, Joaquin Phoenix, Connie Nielsen, Oliver Reed, Richard Harris",Ridley Scott,https://image.tmdb.org/t/p/w500/wN2xWp1eIwCKOD0BHTcErTBv1Uq.jpg,https://image.tmdb.org/t/p/w1280/Ar7M3QcK183XQhU1jEa6FqjN4.jpg
597,Titanic,Titanic,"101-year-old Rose DeWitt Bukater tells the story of her life aboard the Titanic, 84 years later. A young Rose boards the ship with her mother and fiance. Meanwhile, Jack Dawson and Fabrizio De Rossi win third-class tickets aboard the ship. The story tells of the romance between Jack and Rose and the subsequent sinking of the ship.",1997-11-18,7.9,24800,87.3,/9xjZS2rlVxm8SFx8kPC3aIGCOYQ.jpg,/yDHYTfA3R0jFYba16jBB1ef8oIt.jpg,"Drama, Romance","shipwreck, iceberg, historical tragedy, forbidden love, class difference",194,en,False,"Leonardo DiCaprio, Kate Winslet, Billy Zane, Kathy Bates, Frances Fisher",James Cameron,https://image.tmdb.org/t/p/w500/9xjZS2rlVxm8SFx8kPC3aIGCOYQ.jpg,https://image.tmdb.org/t/p/w1280/yDHYTfA3R0jFYba16jBB1ef8oIt.jpg
19995,Avatar,Avatar,"In the 22nd century, a paraplegic Marine is dispatched to the moon Pandora on a unique mission, but becomes torn between following orders and protecting an alien civilization.",2009-12-15,7.6,31000,83.2,/gKY6q7SjCkAU6FqvqWybDYgUKIF.jpg,/vL5W4driHdjjG0LaGX0fiycwYIS.jpg,"Action, Adventure, Fantasy, Science Fiction","pandora, alien world, indigenous, avatar, environmentalism, marine",162,en,False,"Sam Worthington, Zoe Saldana, Sigourney Weaver, Stephen Lang, Michelle Rodriguez",James Cameron,https://image.tmdb.org/t/p/w500/gKY6q7SjCkAU6FqvqWybDYgUKIF.jpg,https://image.tmdb.org/t/p/w1280/vL5W4driHdjjG0LaGX0fiycwYIS.jpg
76341,Mad Max: Fury Road,Mad Max: Fury Road,"An apocalyptic story set in the furthest reaches of our planet, in a stark desert landscape where humanity is broken, and most everyone is crazed fighting for the necessities of life. Within this world exist two rebels on the run who just might be able to restore order.",2015-05-13,7.6,22100,66.8,/ulcAi4dKpAjHwYGS08vNyx9H6I9.jpg,/nlCHUW2Y9X0vgMuL3t8P4w7Z1n0.jpg,"Action, Adventure, Science Fiction","post-apocalyptic, wasteland, desert chase, survival, warlord, rebellion",120,en,False,"Tom Hardy, Charlize Theron, Nicholas Hoult, Hugh Keays-Byrne, Josh Helman",George Miller,https://image.tmdb.org/t/p/w500/ulcAi4dKpAjHwYGS08vNyx9H6I9.jpg,https://image.tmdb.org/t/p/w1280/nlCHUW2Y9X0vgMuL3t8P4w7Z1n0.jpg
872585,Oppenheimer,Oppenheimer,The story of J. Robert Oppenheimer's role in the development of the atomic bomb during World War II.,2023-07-19,8.1,9200,94.5,/8Gxv8gSFCU0XGDykEGv7zR1n2ua.jpg,/fm6KqXpk3M2HVveHwCrBSSBaO0V.jpg,"Drama, History","manhattan project, atomic bomb, physicist, los alamos, world war ii, biography",180,en,False,"Cillian Murphy, Emily Blunt, Matt Damon, Robert Downey Jr., Florence Pugh",Christopher Nolan,https://image.tmdb.org/t/p/w500/8Gxv8gSFCU0XGDykEGv7zR1n2ua.jpg,https://image.tmdb.org/t/p/w1280/fm6KqXpk3M2HVveHwCrBSSBaO0V.jpg
693134,Dune: Part Two,Dune: Part Two,"Follow the mythic journey of Paul Atreides as he unites with Chani and the Fremen while on a path of revenge against the conspirators who destroyed his family. Facing a choice between the love of his life and the fate of the known universe, he endeavors to prevent a terrible future only he can foresee.",2024-02-27,8.2,6100,99.8,/6izwz7rsy95ARzTR3poZ8H6c5pp.jpg,/xOMo8BRK7PfcJv9JCnx7s5hj0x2.jpg,"Science Fiction, Adventure","desert planet, spice, prophecy, arrakis, giant sandworm, rebellion",166,en,False,"Timothée Chalamet, Zendaya, Rebecca Ferguson, Javier Bardem, Austin Butler",Denis Villeneuve,https://image.tmdb.org/t/p/w500/6izwz7rsy95ARzTR3poZ8H6c5pp.jpg,https://image.tmdb.org/t/p/w1280/xOMo8BRK7PfcJv9JCnx7s5hj0x2.jpg
438631,Dune,Dune,"Paul Atreides, a brilliant and gifted young man born into a great destiny beyond his understanding, must travel to the most dangerous planet in the universe to ensure the future of his family and his people. As malevolent forces explode into conflict over the planet's exclusive supply of the most precious resource in existence-a commodity capable of unlocking humanity's greatest potential-only those who can conquer their fear will survive.",2021-09-15,7.8,11500,81.4,/v1tRXZ4JtD2Iv6fjkPvT4GiwslV.jpg,/eeijXm3554UtMVXYqpMTZcK2nBp.jpg,"Science Fiction, Adventure","desert planet, spice, fremen, house atreides, prophecy, sandworm",155,en,False,"Timothée Chalamet, Rebecca Ferguson, Oscar Isaac, Josh Brolin, Stellan Skarsgård",Denis Villeneuve,https://image.tmdb.org/t/p/w500/v1tRXZ4JtD2Iv6fjkPvT4GiwslV.jpg,https://image.tmdb.org/t/p/w1280/eeijXm3554UtMVXYqpMTZcK2nBp.jpg
335984,Blade Runner 2049,Blade Runner 2049,"Thirty years after the events of the first film, a new blade runner, LAPD Officer K, unearths a long-buried secret that has the potential to plunge what's left of society into chaos. K's discovery leads him on a quest to find Rick Deckard, a former LAPD blade runner who has been missing for 30 years.",2017-10-04,8.0,13800,69.5,/gajva2L0rPYkEWjzgFlBXCAVBE5.jpg,/sAtoMqDVhNDQBc3QJL3RF6hlxGq.jpg,"Science Fiction, Mystery","cyberpunk, replicant, dystopia, neon, blade runner, artificial intelligence",164,en,False,"Ryan Gosling, Harrison Ford, Ana de Armas, Sylvia Hoeks, Robin Wright",Denis Villeneuve,https://image.tmdb.org/t/p/w500/gajva2L0rPYkEWjzgFlBXCAVBE5.jpg,https://image.tmdb.org/t/p/w1280/sAtoMqDVhNDQBc3QJL3RF6hlxGq.jpg
999999,The Missing Mystery,The Missing Mystery,"An experimental indie test film without an official poster image, specifically included to demonstrate resilient fallback rendering.",2022-01-01,6.5,120,12.0,/ohjALpvqmcKqNr6J30sTajBYEGG.jpg,,"Mystery, Indie","puzzle, enigmatic, missing poster, test case",90,en,False,"Jane Doe, John Smith",Anonymous Director,https://image.tmdb.org/t/p/w500/ohjALpvqmcKqNr6J30sTajBYEGG.jpg,
579974,RRR,రౌద్రం రణం రుధిరం,A fictional history of two legendary revolutionaries' journey away from home before they began fighting for their country in the 1920s.,2022-03-24,7.8,1600,45.2,/wE0I6efAW4cDDmZQWtwZMOW44EJ.jpg,/wPU78OPN4BYEgWYQw36jhytKNKl.jpg,"Action, Drama, History","revolution, friendship, british empire, colonial india, rebellion, freedom fighter",187,te,False,"N.T. Rama Rao Jr., Ram Charan, Ajay Devgn, Alia Bhatt, Shriya Saran",S.S. Rajamouli,https://image.tmdb.org/t/p/w500/wE0I6efAW4cDDmZQWtwZMOW44EJ.jpg,https://image.tmdb.org/t/p/w1280/wPU78OPN4BYEgWYQw36jhytKNKl.jpg
256040,Baahubali: The Beginning,బాహుబలి:ద బిగినింగ్,"The young Shivudu is left as a foundling in a small village by his mother. By the time he grows up, it becomes apparent that he possesses exceptional gifts. He embarks on a quest that leads him to discover his true legacy as the prince of Mahishmati.",2015-07-10,7.6,850,38.5,/9BAjt8nSSms62uOVYn1t3C3dVto.jpg,/fnB4ZcOQzZl5k3Gg8q4A6sD1o.jpg,"Action, Adventure, Drama, Fantasy","kingdom, warrior, betrayal, prince, medieval epic, ancient india",159,te,False,"Prabhas, Rana Daggubati, Anushka Shetty, Tamannaah Bhatia, Ramya Krishnan",S.S. Rajamouli,https://image.tmdb.org/t/p/w500/9BAjt8nSSms62uOVYn1t3C3dVto.jpg,https://image.tmdb.org/t/p/w1280/fnB4ZcOQzZl5k3Gg8q4A6sD1o.jpg
350312,Baahubali 2: The Conclusion,బాహుబలి 2: ది కన్‌క్లూజన్,"When Shiva, the son of Bahubali, learns about his heritage, he begins to look for answers. His story is juxtaposed with past events that unfolded in the Mahishmati Kingdom.",2017-04-28,7.5,980,42.1,/21sC2assImQIYCEDA84Qh9d1RsK.jpg,/3Wqug04pT2pBqyC5qJzL9Fv6xX.jpg,"Action, Adventure, Drama, Fantasy","monarchy, war, revenge, loyalty, mahishmati, coronation",167,te,False,"Prabhas, Rana Daggubati, Anushka Shetty, Sathyaraj, Ramya Krishnan",S.S. Rajamouli,https://image.tmdb.org/t/p/w500/21sC2assImQIYCEDA84Qh9d1RsK.jpg,https://image.tmdb.org/t/p/w1280/3Wqug04pT2pBqyC5qJzL9Fv6xX.jpg
360814,Dangal,दंगल,"Dangal is an extraordinary true story based on the life of Mahavir Singh and his two daughters, Geeta and Babita Phogat. The film traces the inspirational journey of a father who trains his daughters to become world-class wrestlers.",2016-12-21,8.0,920,32.4,/cJRPOLEexI7qp2DKtFfCh7YaaUG.jpg,/zH6sOQzZl5k3Gg8q4A6sD1o.jpg,"Drama, Action, Biography","wrestling, female empowerment, father daughter, commonwealth games, olympics",161,hi,False,"Aamir Khan, Fatima Sana Shaikh, Sanya Malhotra, Sakshi Tanwar, Aparshakti Khurana",Nitesh Tiwari,https://image.tmdb.org/t/p/w500/cJRPOLEexI7qp2DKtFfCh7YaaUG.jpg,https://image.tmdb.org/t/p/w1280/zH6sOQzZl5k3Gg8q4A6sD1o.jpg
20453,3 Idiots,3 Idiots,"Two friends embark on a quest for a lost buddy. On this journey, they encounter a long-forgotten bet, a wedding they must crash, and a funeral that goes impossibly out of control.",2009-12-23,8.0,2300,48.0,/66A9MqXOyVFCssoloscw79z8Tew.jpg,/7bK1b96q9q0j7M8V54gD3fB4.jpg,"Comedy, Drama","engineering, college life, friendship, pressure, education system, rancho",170,hi,False,"Aamir Khan, R. Madhavan, Sharman Joshi, Kareena Kapoor, Boman Irani",Rajkumar Hirani,https://image.tmdb.org/t/p/w500/66A9MqXOyVFCssoloscw79z8Tew.jpg,https://image.tmdb.org/t/p/w1280/7bK1b96q9q0j7M8V54gD3fB4.jpg
567604,K.G.F: Chapter 1,ಕೆ.ಜಿ.ಎಫ್: ಅಧ್ಯಾಯ ೧,"In the 1970s, a fierce rebel rises against brutal oppression and becomes the symbol of hope to legions of downtrodden people in the Kolar Gold Fields.",2018-12-20,7.4,480,29.5,/w6Jk8BHohhoKBUcxGeSyDQGWGWc.jpg,/q9q0j7M8V54gD3fB47bK1b.jpg,"Action, Crime, Drama","gold mines, underworld, bombay, rocky bhai, gangster, destiny",156,kn,False,"Yash, Srinidhi Shetty, Ramachandra Raju, Archana Jois, Anant Nag",Prashanth Neel,https://image.tmdb.org/t/p/w500/w6Jk8BHohhoKBUcxGeSyDQGWGWc.jpg,https://image.tmdb.org/t/p/w1280/q9q0j7M8V54gD3fB47bK1b.jpg
671039,K.G.F: Chapter 2,ಕೆ.ಜಿ.ಎಫ್: ಅಧ್ಯಾಯ ೨,"The blood-soaked land of Kolar Gold Fields has a new overlord now - Rocky, whose name strikes fear into the heart of his foes. His allies look up to him as their Savior, the government sees him as a threat.",2022-04-14,7.5,520,35.8,/9HT9982bzgN5on1sLRmc1GMn6ZC.jpg,/l5k3Gg8q4A6sD1ofnB4ZcOQ.jpg,"Action, Crime, Drama","gold empire, prime minister, rocky bhai, adheera, mafia, revenge",168,kn,False,"Yash, Sanjay Dutt, Raveena Tandon, Srinidhi Shetty, Prakash Raj",Prashanth Neel,https://image.tmdb.org/t/p/w500/9HT9982bzgN5on1sLRmc1GMn6ZC.jpg,https://image.tmdb.org/t/p/w1280/l5k3Gg8q4A6sD1ofnB4ZcOQ.jpg
1024535,Kantara,ಕಾಂತಾರ,"When greed paves the way for betrayal, scheming and murder, a young tribal man reluctantly dons the traditions of his ancestors to seek justice for his people against local landlords.",2022-09-30,7.9,410,31.0,/eyr8okTqsFTUVW3DD1edTMsWc3u.jpg,/4A6sD1ofnB4ZcOQzZl5k3Gg.jpg,"Action, Adventure, Drama, Thriller","bhoota kola, divine spirit, folklore, forest conservation, tribal rights, daiva",148,kn,False,"Rishab Shetty, Sapthami Gowda, Kishore, Achyuth Kumar, Pramod Shetty",Rishab Shetty,https://image.tmdb.org/t/p/w500/eyr8okTqsFTUVW3DD1edTMsWc3u.jpg,https://image.tmdb.org/t/p/w1280/4A6sD1ofnB4ZcOQzZl5k3Gg.jpg
690942,Pushpa: The Rise,పుష్ప: ది రైజ్,"A coolie rises through the ranks of a red sanders smuggling syndicate, facing threats from rival smugglers and a ruthless police officer.",2021-12-17,7.3,450,34.2,/viXED1C9xTJmGtbu0Vu0qrqiO2I.jpg,/7bK1b96q9q0j7M8V54gD3fB.jpg,"Action, Crime, Drama","red sandalwood, smuggling, seshachalam forest, allu arjun, syndicate, syndicate war",179,te,False,"Allu Arjun, Rashmika Mandanna, Fahadh Faasil, Jagadeesh Prathap Bandari, Sunil",Sukumar,https://image.tmdb.org/t/p/w500/viXED1C9xTJmGtbu0Vu0qrqiO2I.jpg,https://image.tmdb.org/t/p/w1280/7bK1b96q9q0j7M8V54gD3fB.jpg
864692,Vikram,விக்ரம்,A high-octane action thriller where a special investigator is assigned a case of serial killings involving masked men and a drug syndicate.,2022-06-03,7.8,490,36.4,/arf00BkwvXo0CFKbaD9OpqdE4Nu.jpg,/6q9q0j7M8V54gD3fB47bK1b.jpg,"Action, Crime, Thriller","black squad, drug cartel, rolex, undercover agent, lcu, kamal haasan",175,ta,False,"Kamal Haasan, Vijay Sethupathi, Fahadh Faasil, Narain, Kalidas Jayaram",Lokesh Kanagaraj,https://image.tmdb.org/t/p/w500/arf00BkwvXo0CFKbaD9OpqdE4Nu.jpg,https://image.tmdb.org/t/p/w1280/6q9q0j7M8V54gD3fB47bK1b.jpg
635237,Kaithi,கைதி,A recently released prisoner races against time to drive a truck full of unconscious cops to a hospital while evading criminals who are after them.,2019-10-25,7.7,380,24.1,/hJJt55m14FIOM305lgMukhGCbDy.jpg,/q4A6sD1ofnB4ZcOQzZl5k3G.jpg,"Action, Thriller, Crime","prison release, father daughter reunion, night chase, biryani, lorry, lcu",145,ta,False,"Karthi, Narain, Arjun Das, George Maryan, Harish Uthaman",Lokesh Kanagaraj,https://image.tmdb.org/t/p/w500/hJJt55m14FIOM305lgMukhGCbDy.jpg,https://image.tmdb.org/t/p/w1280/q4A6sD1ofnB4ZcOQzZl5k3G.jpg
885110,Jai Bhim,ஜெய் பீம்,"When a tribal man is arrested for case of alleged theft, his wife turns to a human-rights lawyer to help bring justice after he disappears from police custody.",2021-11-02,8.0,610,28.5,/hMIQiwLpBfTfe3ZbRlNx4225Mgg.jpg,/M8V54gD3fB47bK1b96q9q0j.jpg,"Crime, Drama, Mystery","custodial violence, irular tribe, legal drama, human rights, habeas corpus",164,ta,False,"Suriya, Lijomol Jose, Manikandan, Rajisha Vijayan, Prakash Raj",T.J. Gnanavel,https://image.tmdb.org/t/p/w500/hMIQiwLpBfTfe3ZbRlNx4225Mgg.jpg,https://image.tmdb.org/t/p/w1280/M8V54gD3fB47bK1b96q9q0j.jpg
675319,Soorarai Pottru,சூரரைப் போற்று,"Nedumaaran Rajangam, a former Indian Air Force captain, sets out to achieve the dream of making the common man fly with a low-cost airline.",2020-11-12,7.9,420,22.8,/fjtlMqX1QfiMvk8IgkKJR1vXzZ7.jpg,/fnB4ZcOQzZl5k3Gg8q4A6sD.jpg,"Drama, Action","low cost airline, entrepreneur, aviation, indian air force, captain gopinath",153,ta,False,"Suriya, Aparna Balamurali, Paresh Rawal, Urvashi, Mohan Babu",Sudha Kongara,https://image.tmdb.org/t/p/w500/fjtlMqX1QfiMvk8IgkKJR1vXzZ7.jpg,https://image.tmdb.org/t/p/w1280/fnB4ZcOQzZl5k3Gg8q4A6sD.jpg
625568,Asuran,அசுரன்,"The teenage son of a farmer from an underprivileged caste kills a wealthy, upper-caste landlord. Can the farmer, who has a dark past of his own, save his son?",2019-10-04,7.8,340,21.0,/xfIcONZO4AiWpzm3jEpbR4llzVX.jpg,/7bK1b96q9q0j7M8V54gD3fB.jpg,"Action, Drama","caste discrimination, revenge, land grabbing, father son bond, rural violence",141,ta,False,"Dhanush, Manju Warrier, Ken Karunas, Pasupathy, Prakash Raj",Vetrimaaran,https://image.tmdb.org/t/p/w500/xfIcONZO4AiWpzm3jEpbR4llzVX.jpg,https://image.tmdb.org/t/p/w1280/7bK1b96q9q0j7M8V54gD3fB.jpg
548386,96,96,Two high school sweethearts from the batch of 1996 meet at a reunion after 22 years and reminisce about their unfulfilled past love during one unforgettable night.,2018-10-04,8.0,290,19.4,/4yDKhMUGwmZsUCUyxo2GcLAXPD8.jpg,/Gg8q4A6sD1ofnB4ZcOQzZl5.jpg,"Romance, Drama","school reunion, nostalgia, first love, bittersweet, photography, yellow saree",158,ta,False,"Vijay Sethupathi, Trisha Krishnan, Varsha Bollamma, Devadarshini, Bagavathi Perumal",C. Prem Kumar,https://image.tmdb.org/t/p/w500/4yDKhMUGwmZsUCUyxo2GcLAXPD8.jpg,https://image.tmdb.org/t/p/w1280/Gg8q4A6sD1ofnB4ZcOQzZl5.jpg
545611,Ratsasan,ராட்சசன்,An aspiring film director becomes a police officer after his father's death and tracks down a psychopathic serial killer who targets schoolgirls.,2018-10-05,7.9,310,20.5,/u68AjlvlutfEIcpmbYpKcdi09ut.jpg,/B47bK1b96q9q0j7M8V54gD3.jpg,"Crime, Mystery, Thriller","psycho killer, serial murders, investigation, magic trick, police detective",170,ta,False,"Vishnu Vishal, Amala Paul, Saravanan, Kaali Venkat, Munishkanth",Ram Kumar,https://image.tmdb.org/t/p/w500/u68AjlvlutfEIcpmbYpKcdi09ut.jpg,https://image.tmdb.org/t/p/w1280/B47bK1b96q9q0j7M8V54gD3.jpg
535292,Super Deluxe,சூப்பர் டீலக்ஸ்,"An unfaithful wife, an estranged father, a sleazy cop, and an angry boy find their stories intertwining in unexpected ways on a fateful day in Chennai.",2019-03-29,7.7,280,18.2,/kDlmrGZROewneCoSwPjKx6Qfown.jpg,/j7M8V54gD3fB47bK1b96q9q.jpg,"Crime, Drama, Thriller","transgender woman, dark comedy, hyperlink cinema, morality, alien encounter",176,ta,False,"Vijay Sethupathi, Fahadh Faasil, Samantha Ruth Prabhu, Ramya Krishnan, Mysskin",Thiagarajan Kumararaja,https://image.tmdb.org/t/p/w500/kDlmrGZROewneCoSwPjKx6Qfown.jpg,https://image.tmdb.org/t/p/w1280/j7M8V54gD3fB47bK1b96q9q.jpg
520023,Mahanati,మహానటి,"A biographical drama on the life of legendary South Indian actress Savitri, from her rise to stardom to her tragic downfall.",2018-05-09,7.8,260,17.5,/hSuTjDmqRdy7Dii8ymnF2WILTeP.jpg,/sD1ofnB4ZcOQzZl5k3Gg8q4.jpg,"Drama, History","biopic, golden era cinema, savitri, south indian cinema, tragedy, stardom",177,te,False,"Keerthy Suresh, Dulquer Salmaan, Samantha Ruth Prabhu, Vijay Deverakonda, Rajendra Prasad",Nag Ashwin,https://image.tmdb.org/t/p/w500/hSuTjDmqRdy7Dii8ymnF2WILTeP.jpg,https://image.tmdb.org/t/p/w1280/sD1ofnB4ZcOQzZl5k3Gg8q4.jpg
588228,Jersey,జెర్సీ,"A 36-year-old former cricketer returns to the game driven by the desire to fulfill his young son's wish for a jersey, defying age and physical limitations.",2019-04-19,7.9,310,19.8,/34nDCQZwaEvsy4CFO5hkGRFDCVU.jpg,/OQzZl5k3Gg8q4A6sD1ofnB4.jpg,Drama,"cricket, father son bond, comeback, passion, ranji trophy, redemption",157,te,False,"Nani, Shraddha Srinath, Ronit Kamra, Sathyaraj, Harish Kalyan",Gowtam Tinnanuri,https://image.tmdb.org/t/p/w500/34nDCQZwaEvsy4CFO5hkGRFDCVU.jpg,https://image.tmdb.org/t/p/w1280/OQzZl5k3Gg8q4A6sD1ofnB4.jpg
114561,Eega,ఈగ,A murdered man is reincarnated as a housefly and seeks to protect his lover while taking revenge on his ruthless killer.,2012-07-06,7.4,390,22.0,/pX7fn4EZrg2YFlV4GNMIfHDOQZ6.jpg,/bK1b96q9q0j7M8V54gD3fB4.jpg,"Action, Comedy, Fantasy","reincarnation, fly, revenge, villain, love story, visual effects",145,te,False,"Nani, Samantha Ruth Prabhu, Sudeep, Devadarshini, Adithya Menon",S.S. Rajamouli,https://image.tmdb.org/t/p/w500/pX7fn4EZrg2YFlV4GNMIfHDOQZ6.jpg,https://image.tmdb.org/t/p/w1280/bK1b96q9q0j7M8V54gD3fB4.jpg
41249,Manichitrathazhu,മണിച്ചിത്രത്താഴ്,"When an aristocratic family moves into an ancestral palace believed to be haunted, strange supernatural events start taking place. An eccentric psychiatrist is summoned to solve the mystery.",1993-12-25,8.3,280,16.4,/saOS493nV8HPhyru0NDm5sSdxm2.jpg,/8V54gD3fB47bK1b96q9q0j7.jpg,"Comedy, Horror, Mystery","dissociative identity disorder, haunted palace, nagavalli, psychiatrist, classic mollywood",169,ml,False,"Mohanlal, Shobana, Suresh Gopi, Nedumudi Venu, Innocent",Fazil,https://image.tmdb.org/t/p/w500/saOS493nV8HPhyru0NDm5sSdxm2.jpg,https://image.tmdb.org/t/p/w1280/8V54gD3fB47bK1b96q9q0j7.jpg
574474,Kumbalangi Nights,കുമ്പളങ്ങി നൈറ്റ്സ്,The film revolves around four brothers who share a love-hate relationship with each other in an island village. Their relationships transform when one of them falls in love.,2019-02-07,8.1,350,21.2,/jnNICqXr57g6xYHOl38ZpzkMvUj.jpg,/4gD3fB47bK1b96q9q0j7M8V.jpg,"Comedy, Drama, Romance","brotherhood, toxic masculinity, island life, mental health, shammi, mollywood",135,ml,False,"Shane Nigam, Soubin Shahir, Fahadh Faasil, Sreenath Bhasi, Mathew Thomas",Madhu C. Narayanan,https://image.tmdb.org/t/p/w500/jnNICqXr57g6xYHOl38ZpzkMvUj.jpg,https://image.tmdb.org/t/p/w1280/4gD3fB47bK1b96q9q0j7M8V.jpg
346685,Premam,പ്രേമം,"George's romantic journey unfolds across three phases of his life, from school days to college and into his thirties.",2015-05-29,7.8,340,19.5,/AhTO2QWG0tug7yDoh0XoaMhPt3J.jpg,/7bK1b96q9q0j7M8V54gD3fB.jpg,"Comedy, Drama, Romance","coming of age, three loves, college life, butterfly, nivin pauly, sachin malar",156,ml,False,"Nivin Pauly, Sai Pallavi, Madonna Sebastian, Anupama Parameswaran, Shabareesh Varma",Alphonse Puthren,https://image.tmdb.org/t/p/w500/AhTO2QWG0tug7yDoh0XoaMhPt3J.jpg,https://image.tmdb.org/t/p/w1280/7bK1b96q9q0j7M8V54gD3fB.jpg
583132,Lucifer,ലൂസിഫർ,"A political godfather dies and a lot of thieves dressed in white dress enter the scene. Questions arise as to who will succeed the kingpin, while Stephen Nedumpally steps in to handle the chaos.",2019-03-28,7.4,270,18.0,/wCanUYBbUxADpfqpoe3tmQ3KVL6.jpg,/9q0j7M8V54gD3fB47bK1b96.jpg,"Action, Crime, Thriller","politics, drug cartel, succession battle, mass hero, mohanlal, stephen",172,ml,False,"Mohanlal, Vivek Oberoi, Manju Warrier, Tovino Thomas, Indrajith Sukumaran",Prithviraj Sukumaran,https://image.tmdb.org/t/p/w500/wCanUYBbUxADpfqpoe3tmQ3KVL6.jpg,https://image.tmdb.org/t/p/w1280/9q0j7M8V54gD3fB47bK1b96.jpg
799883,Drishyam 2,ദൃശ്യം 2,"Six years after the events of Drishyam, Georgekutty and his family live under the shadow of the past as the police reopen the unsolved investigation.",2021-02-19,8.0,360,23.5,/3ZNvOWYrnqz27TfS0USHNwlPp99.jpg,/V54gD3fB47bK1b96q9q0j7M.jpg,"Crime, Drama, Thriller","murder coverup, cinema obsession, police reopening, court drama, alibi",152,ml,False,"Mohanlal, Meena, Ansiba Hassan, Esther Anil, Asha Sharath",Jeethu Joseph,https://image.tmdb.org/t/p/w500/3ZNvOWYrnqz27TfS0USHNwlPp99.jpg,https://image.tmdb.org/t/p/w1280/V54gD3fB47bK1b96q9q0j7M.jpg
347126,Drishyam,दृश्यम,A simple cable TV operator in Goa goes to extraordinary lengths to protect his family after they commit an accidental crime.,2015-07-31,7.8,680,32.0,/xsRYqQJv6t0f4J6DYeYraM9uKKT.jpg,/OQzZl5k3Gg8q4A6sD1ofnB4.jpg,"Crime, Drama, Mystery, Thriller","alibi, police investigation, missing person, 2nd october, vijay salgaonkar",163,hi,False,"Ajay Devgn, Tabu, Shriya Saran, Rajat Kapoor, Ishita Dutta",Nishikant Kamat,https://image.tmdb.org/t/p/w500/xsRYqQJv6t0f4J6DYeYraM9uKKT.jpg,https://image.tmdb.org/t/p/w1280/OQzZl5k3Gg8q4A6sD1ofnB4.jpg
534780,Andhadhun,अंधाधुन,A series of mysterious events change the life of a blind pianist who must now report a crime that was committed right in front of him.,2018-10-05,8.1,690,33.4,/dy3K6hNvwE05siGgiLJcEiwgpdO.jpg,/l5k3Gg8q4A6sD1ofnB4ZcOQ.jpg,"Crime, Mystery, Thriller","fake blindness, piano player, murder witness, dark comedy, kidney transplant",139,hi,False,"Ayushmann Khurrana, Tabu, Radhika Apte, Anil Dhawan, Zakir Hussain",Sriram Raghavan,https://image.tmdb.org/t/p/w500/dy3K6hNvwE05siGgiLJcEiwgpdO.jpg,https://image.tmdb.org/t/p/w1280/l5k3Gg8q4A6sD1ofnB4ZcOQ.jpg
535544,Tumbbad,तुंबाड,A mythological horror story about a cursed village and a man's boundless greed to unearth the endless gold of the sinister goddess Hastar.,2018-10-12,8.1,480,27.6,/pWt1iRuhNpeVDNP2QiUT2C5OiBt.jpg,/K1b96q9q0j7M8V54gD3fB47.jpg,"Fantasy, Horror, Drama","hastar, cursed treasure, greed, mythology, atmospheric horror, flour doll",104,hi,False,"Sohum Shah, Jyoti Malshe, Anita Date-Kelkar, Ronjini Chakraborty, Deepak Damle",Rahi Anil Barve,https://image.tmdb.org/t/p/w500/pWt1iRuhNpeVDNP2QiUT2C5OiBt.jpg,https://image.tmdb.org/t/p/w1280/K1b96q9q0j7M8V54gD3fB47.jpg
1181548,12th Fail,12th Fail,"Based on the true story of IPS officer Manoj Kumar Sharma, who overcomes extreme poverty, restarts his education from scratch, and clears the world's toughest exam.",2023-10-27,8.2,520,36.0,/n726fdyL1dGwt15bY7Nj3XOXc4Q.jpg,/8q4A6sD1ofnB4ZcOQzZl5k3.jpg,"Drama, Biography","upsc, ips officer, civil services exam, restart, poverty, true story",147,hi,False,"Vikrant Massey, Medha Shankr, Anant V Joshi, Anshumaan Pushkar, Priyanshu Chatterjee",Vidhu Vinod Chopra,https://image.tmdb.org/t/p/w500/n726fdyL1dGwt15bY7Nj3XOXc4Q.jpg,https://image.tmdb.org/t/p/w1280/8q4A6sD1ofnB4ZcOQzZl5k3.jpg
114620,Gangs of Wasseypur,Gangs of Wasseypur,"A clash between Sultan and Shahid Khan leads to the expulsion of Khan from Wasseypur, and ignites a deadly blood feud spanning three generations.",2012-06-22,8.0,450,25.8,/fmsMrtPPJl7llySJEimS3Xrc95k.jpg,/4A6sD1ofnB4ZcOQzZl5k3Gg.jpg,"Action, Crime, Drama","coal mafia, vendetta, bihar, sardar khan, revenge saga, anurag kashyap",160,hi,False,"Manoj Bajpayee, Richa Chadha, Nawazuddin Siddiqui, Tigmanshu Dhulia, Huma Qureshi",Anurag Kashyap,https://image.tmdb.org/t/p/w500/fmsMrtPPJl7llySJEimS3Xrc95k.jpg,https://image.tmdb.org/t/p/w1280/4A6sD1ofnB4ZcOQzZl5k3Gg.jpg
13919,Sholay,शोले,"After his family is murdered by a notorious and ruthless bandit named Gabbar Singh, a former police officer enlists the services of two small-time crooks to capture him.",1975-08-15,7.7,410,22.5,/uMb26IjDgdq8p4H3XNO1CAsjT4m.jpg,/Zl5k3Gg8q4A6sD1ofnB4ZcO.jpg,"Action, Adventure, Comedy, Drama","gabbar singh, jai veeru, ramgarh, curry western, revenge, basanti",204,hi,False,"Dharmendra, Amitabh Bachchan, Sanjeev Kumar, Hema Malini, Amjad Khan",Ramesh Sippy,https://image.tmdb.org/t/p/w500/uMb26IjDgdq8p4H3XNO1CAsjT4m.jpg,https://image.tmdb.org/t/p/w1280/Zl5k3Gg8q4A6sD1ofnB4ZcO.jpg
1966,Lagaan,लगान,"In Victorian India, a small village burdened by exorbitant British land taxes stakes its future on a high-stakes cricket match against the arrogant colonial officers.",2001-06-15,7.8,680,26.4,/jrwQu72sGwGqwE8Ijne89PSIvhp.jpg,/q9q0j7M8V54gD3fB47bK1b9.jpg,"Adventure, Drama, Musical","cricket match, tax waiver, british raj, village unity, bhuvan, oscar nominee",224,hi,False,"Aamir Khan, Gracy Singh, Rachel Shelley, Paul Blackthorne, Suhasini Mulay",Ashutosh Gowariker,https://image.tmdb.org/t/p/w500/jrwQu72sGwGqwE8Ijne89PSIvhp.jpg,https://image.tmdb.org/t/p/w1280/q9q0j7M8V54gD3fB47bK1b9.jpg
19404,Dilwale Dulhania Le Jayenge,दिलवाले दुल्हनिया ले जायेंगे,"Raj and Simran meet on a train trip across Europe and fall in love. When Raj discovers Simran is promised to another in India, he follows her to win over her traditional father.",1995-10-20,8.5,4400,45.0,/lfRkUr7DYdHldAqi3PwdQGBRBPM.jpg,/mSdBD9j1K7bK1b96q9q0j7M.jpg,"Romance, Drama","euro trip, punjab, mustard fields, traditional father, ddlj, shah rukh khan",189,hi,False,"Shah Rukh Khan, Kajol, Amrish Puri, Farida Jalal, Anupam Kher",Aditya Chopra,https://image.tmdb.org/t/p/w500/lfRkUr7DYdHldAqi3PwdQGBRBPM.jpg,https://image.tmdb.org/t/p/w1280/mSdBD9j1K7bK1b96q9q0j7M.jpg
7508,Taare Zameen Par,तारे ज़मीन पर,"An eight-year-old boy struggling with dyslexia is sent to boarding school, where an unconventional art teacher helps him discover his true potential.",2007-12-21,8.0,1100,28.0,/puHRt6Raovm5ujGCdwLWvRv4NHU.jpg,/7bK1b96q9q0j7M8V54gD3fB.jpg,"Drama, Family","dyslexia, teacher student, boarding school, child psychology, painting",165,hi,False,"Darsheel Safary, Aamir Khan, Tisca Chopra, Vipin Sharma, Tanay Chheda",Aamir Khan,https://image.tmdb.org/t/p/w500/puHRt6Raovm5ujGCdwLWvRv4NHU.jpg,https://image.tmdb.org/t/p/w1280/7bK1b96q9q0j7M8V54gD3fB.jpg
2062,Swades,स्वदेश,"A successful Indian scientist working at NASA returns to his rural homeland to find his childhood nanny, leading to an inner awakening about the village's struggles.",2004-12-17,7.9,410,21.0,/t3vaWRPSf6WjDSamIkKDs1iQWna.jpg,/1b96q9q0j7M8V54gD3fB47b.jpg,Drama,"nasa scientist, hydroelectricity, rural india, brain drain, social progress",210,hi,False,"Shah Rukh Khan, Gayatri Joshi, Kishori Ballal, Rajesh Vivek, Daya Shankar Pandey",Ashutosh Gowariker,https://image.tmdb.org/t/p/w500/t3vaWRPSf6WjDSamIkKDs1iQWna.jpg,https://image.tmdb.org/t/p/w1280/1b96q9q0j7M8V54gD3fB47b.jpg
11658,Chak De! India,चक दे! इंडिया,A disgraced former hockey captain takes up coaching the neglected Indian women's national hockey team to redeem his honor and lead them to world glory.,2007-08-10,7.5,390,18.5,/efc2MwDwvQsYsbxLXaXtlmOJ7LZ.jpg,/8V54gD3fB47bK1b96q9q0j7.jpg,"Drama, Sport","field hockey, women sports, national pride, redemption, team building",153,hi,False,"Shah Rukh Khan, Vidya Malvade, Sagarika Ghatge, Shilpa Shukla, Chitrashi Rawat",Shimit Amin,https://image.tmdb.org/t/p/w500/efc2MwDwvQsYsbxLXaXtlmOJ7LZ.jpg,https://image.tmdb.org/t/p/w1280/8V54gD3fB47bK1b96q9q0j7.jpg
68351,Zindagi Na Milegi Dobara,ज़िंदगी ना मिलेगी दोबारा,"Three friends embark on a bachelor trip to Spain, where each chooses an extreme sport that forces them to confront their deepest fears and heal past wounds.",2011-07-15,7.8,520,26.2,/t5PTcnhZgHzL7HUZKQP95UQDD5o.jpg,/sD1ofnB4ZcOQzZl5k3Gg8q4.jpg,"Adventure, Comedy, Drama, Romance","spain road trip, deep sea diving, skydiving, tomatina, friendship, carpe diem",155,hi,False,"Hrithik Roshan, Farhan Akhtar, Abhay Deol, Katrina Kaif, Kalki Koechlin",Zoya Akhtar,https://image.tmdb.org/t/p/w500/t5PTcnhZgHzL7HUZKQP95UQDD5o.jpg,https://image.tmdb.org/t/p/w1280/sD1ofnB4ZcOQzZl5k3Gg8q4.jpg
256835,Queen,क्वीन,"A Delhi girl from a conservative family is dumped by her fiancé one day before her wedding. Shocked, she decides to go on her European honeymoon trip alone.",2014-03-07,7.9,480,24.5,/kVOaFo8RaYQceHfTqbZGmV9R80q.jpg,/7bK1b96q9q0j7M8V54gD3fB.jpg,"Comedy, Drama","solo trip, female independence, paris, amsterdam, self discovery, rani",146,hi,False,"Kangana Ranaut, Rajkummar Rao, Lisa Haydon, Mish Boyko, Jeffrey Ho",Vikas Bahl,https://image.tmdb.org/t/p/w500/kVOaFo8RaYQceHfTqbZGmV9R80q.jpg,https://image.tmdb.org/t/p/w1280/7bK1b96q9q0j7M8V54gD3fB.jpg
345922,Bajrangi Bhaijaan,बजरंगी भाईजान,"A simple, honest Indian man with a magnanimous heart takes a mute Pakistani girl back to her home across the heavily guarded border.",2015-07-17,7.8,680,29.0,/huRhv4IZDk2ds0DIDkI6uxdmb6J.jpg,/q9q0j7M8V54gD3fB47bK1b9.jpg,"Action, Adventure, Comedy, Drama","india pakistan border, lost child, mute girl, cross border journey, munni, salman khan",163,hi,False,"Salman Khan, Harshaali Malhotra, Nawazuddin Siddiqui, Kareena Kapoor, Sharat Saxena",Kabir Khan,https://image.tmdb.org/t/p/w500/huRhv4IZDk2ds0DIDkI6uxdmb6J.jpg,https://image.tmdb.org/t/p/w1280/q9q0j7M8V54gD3fB47bK1b9.jpg
859344,Sardar Udham,सरदार उधम,"A biographical chronicle of the freedom fighter Sardar Udham Singh, who assassinated Michael O'Dwyer in London to avenge the Jallianwala Bagh massacre.",2021-10-16,8.1,390,24.8,/tQGt7bRomA6pjl21go7kgNv7pgd.jpg,/Zl5k3Gg8q4A6sD1ofnB4ZcO.jpg,"Drama, History","jallianwala bagh massacre, assassination, london trial, freedom struggle, shaheed",164,hi,False,"Vicky Kaushal, Shaun Scott, Stephen Hogan, Amol Parashar, Banita Sandhu",Shoojit Sircar,https://image.tmdb.org/t/p/w500/tQGt7bRomA6pjl21go7kgNv7pgd.jpg,https://image.tmdb.org/t/p/w1280/Zl5k3Gg8q4A6sD1ofnB4ZcO.jpg
540549,Gully Boy,गली बॉय,"A coming-of-age story based on the lives of street rappers in Mumbai, following an underprivileged youth who channels his rage into hip-hop poetry.",2019-02-14,7.4,360,22.1,/djaUOUGkHSHBMSBjDvvuiDoFBdU.jpg,/D3fB47bK1b96q9q0j7M8V54.jpg,"Drama, Music","hip hop, dharavi, underground rap, apna time aayega, street poetry",153,hi,False,"Ranveer Singh, Alia Bhatt, Siddhant Chaturvedi, Vijay Raaz, Kalki Koechlin",Zoya Akhtar,https://image.tmdb.org/t/p/w500/djaUOUGkHSHBMSBjDvvuiDoFBdU.jpg,https://image.tmdb.org/t/p/w1280/D3fB47bK1b96q9q0j7M8V54.jpg
593402,Article 15,आर्टिकल 15,An idealistic police officer moves to a rural town where the rape and murder of three young girls forces him to confront the entrenched caste system.,2019-06-28,7.8,340,19.8,/CqUxog8F6aaK97RYh8YXhv3NDL.jpg,/K1b96q9q0j7M8V54gD3fB47.jpg,"Crime, Drama, Mystery","caste atrocities, constitutional rights, rural police investigation, equality",130,hi,False,"Ayushmann Khurrana, Nassar, Manoj Pahwa, Kumud Mishra, Isha Talwar",Anubhav Sinha,https://image.tmdb.org/t/p/w500/CqUxog8F6aaK97RYh8YXhv3NDL.jpg,https://image.tmdb.org/t/p/w1280/K1b96q9q0j7M8V54gD3fB47.jpg
565310,Super 30,सुपर 30,Based on the life of Patna-based mathematician Anand Kumar who runs the fame Super 30 program for IIT aspirants in Patna.,2019-07-12,7.6,330,18.0,/7ht2IMGynDSVQGvAXhAb83DLET8.jpg,/fnB4ZcOQzZl5k3Gg8q4A6sD.jpg,"Biography, Drama","iit jee, mathematics, underprivileged students, coaching institute, bihar",154,hi,False,"Hrithik Roshan, Mrunal Thakur, Nandish Singh, Pankaj Tripathi, Virendra Saxena",Vikas Bahl,https://image.tmdb.org/t/p/w500/7ht2IMGynDSVQGvAXhAb83DLET8.jpg,https://image.tmdb.org/t/p/w1280/fnB4ZcOQzZl5k3Gg8q4A6sD.jpg
121986,Barfi!,बर्फी!,"Set in the 1970s in the picturesque Darjeeling hills, the story follows a mute and deaf young man and his relationships with two different women.",2012-09-13,7.8,420,22.0,/jrq1NoKvsxWCcffVOjegiYwloFN.jpg,/4gD3fB47bK1b96q9q0j7M8V.jpg,"Comedy, Drama, Romance","autism, mute, darjeeling, charlie chaplin tribute, heart warming",151,hi,False,"Ranbir Kapoor, Priyanka Chopra Jonas, Ileana D'Cruz, Saurabh Shukla, Ashish Vidyarthi",Anurag Basu,https://image.tmdb.org/t/p/w500/jrq1NoKvsxWCcffVOjegiYwloFN.jpg,https://image.tmdb.org/t/p/w1280/4gD3fB47bK1b96q9q0j7M8V.jpg
15250,Rang De Basanti,रंग दे बसंती,"A British film student casts six careless young Indian friends in her documentary about India's freedom fighters, inspiring them to take a stand against modern corruption.",2006-01-26,8.0,690,25.5,/dBuLAw4mRlO83LPA2s4zOlVesUe.jpg,/7bK1b96q9q0j7M8V54gD3fB.jpg,"Action, Comedy, Drama","bhagat singh, corruption, defense aircraft crash, youth awakening, all india radio",167,hi,False,"Aamir Khan, Siddharth, Sharman Joshi, Kunal Kapoor, Soha Ali Khan",Rakeysh Omprakash Mehra,https://image.tmdb.org/t/p/w500/dBuLAw4mRlO83LPA2s4zOlVesUe.jpg,https://image.tmdb.org/t/p/w1280/7bK1b96q9q0j7M8V54gD3fB.jpg
199928,Bhaag Milkha Bhaag,भाग मिल्खा भाग,"The true story of the ""Flying Sikh"" Milkha Singh, who survived the horrific partition riots and overcame immense hardships to become an Olympic runner.",2013-07-11,7.7,410,21.4,/m2riQcEzjVrkP8wKHDXwC5EQpHQ.jpg,/B47bK1b96q9q0j7M8V54gD3.jpg,"Biography, Drama, Sport","partition of india, 400m race, flying sikh, athletics, commonwealth champion",186,hi,False,"Farhan Akhtar, Sonam Kapoor, Divya Dutta, Pavan Malhotra, Yograj Singh",Rakeysh Omprakash Mehra,https://image.tmdb.org/t/p/w500/m2riQcEzjVrkP8wKHDXwC5EQpHQ.jpg,https://image.tmdb.org/t/p/w1280/B47bK1b96q9q0j7M8V54gD3.jpg
554608,Uri: The Surgical Strike,उरी: द सर्जिकल स्ट्राइक,Based on the true events of the 2016 surgical strikes conducted by the Indian Army on terror launch pads across the Line of Control in Pakistan.,2019-01-11,7.7,480,26.5,/HSNplgAjvy43dfpTtbVzIocobk.jpg,/OQzZl5k3Gg8q4A6sD1ofnB4.jpg,"Action, Drama, War","surgical strike, special forces, line of control, drone surveillance, patriotic",138,hi,False,"Vicky Kaushal, Paresh Rawal, Yami Gautam, Mohit Raina, Kirti Kulhari",Aditya Dhar,https://image.tmdb.org/t/p/w500/HSNplgAjvy43dfpTtbVzIocobk.jpg,https://image.tmdb.org/t/p/w1280/OQzZl5k3Gg8q4A6sD1ofnB4.jpg
537061,Stree,स्त्री,"In the small town of Chanderi, men live in fear of an evil spirit named Stree who abducts men during festival nights, leaving only their clothes behind.",2018-08-31,7.5,390,25.2,/8mRgpubxHqnqvENK4Bei30xMDvy.jpg,/q9q0j7M8V54gD3fB47bK1b9.jpg,"Comedy, Horror","ghost, chanderi, horror comedy, o stree kal aana, tailor",128,hi,False,"Rajkummar Rao, Shraddha Kapoor, Pankaj Tripathi, Aparshakti Khurana, Abhishek Banerjee",Amar Kaushik,https://image.tmdb.org/t/p/w500/8mRgpubxHqnqvENK4Bei30xMDvy.jpg,https://image.tmdb.org/t/p/w1280/q9q0j7M8V54gD3fB47bK1b9.jpg
93670,Kahaani,कहानी,"A pregnant woman arrives in Kolkata during the festive chaos of Durga Puja in search of her missing husband, only to discover a complex web of espionage and deceit.",2012-03-09,7.7,380,20.1,/e2eQVOrdQ8k7yYjjHKHP2nlwbTu.jpg,/D3fB47bK1b96q9q0j7M8V54.jpg,"Mystery, Thriller","kolkata, durga puja, pregnant detective, assassination, ib officer, twist ending",122,hi,False,"Vidya Balan, Parambrata Chatterjee, Nawazuddin Siddiqui, Indraneil Sengupta, Saswata Chatterjee",Sujoy Ghosh,https://image.tmdb.org/t/p/w500/e2eQVOrdQ8k7yYjjHKHP2nlwbTu.jpg,https://image.tmdb.org/t/p/w1280/D3fB47bK1b96q9q0j7M8V54.jpg
14457,A Wednesday!,A Wednesday!,A retiring police commissioner reminisces about the most challenging case of his career: a phone call from an anonymous common man threatening to blow up Mumbai.,2008-09-05,7.9,310,17.5,/vyx8J1SFPjb7t8v0gLXnUBw3a8t.jpg,/7bK1b96q9q0j7M8V54gD3fB.jpg,"Crime, Drama, Thriller","bomb threat, common man, vigilante, police negotiator, terrorism, phone call",104,hi,False,"Naseeruddin Shah, Anupam Kher, Jimmy Sheirgill, Deepal Shaw, Aamir Bashir",Neeraj Pandey,https://image.tmdb.org/t/p/w500/vyx8J1SFPjb7t8v0gLXnUBw3a8t.jpg,https://image.tmdb.org/t/p/w1280/7bK1b96q9q0j7M8V54gD3fB.jpg
198287,The Lunchbox,द लंच बॉक्स,A mistaken delivery by Mumbai's famously efficient lunchbox delivery system connects a neglected housewife with an older widower on the verge of retirement.,2013-09-20,7.6,580,23.0,/mTSBjTriWuvYp27dsTWF9hs25HB.jpg,/sD1ofnB4ZcOQzZl5k3Gg8q4.jpg,"Drama, Romance","mumbai dabbawala, epistolary romance, loneliness, cooking, letters in tiffin",104,hi,False,"Irrfan Khan, Nimrat Kaur, Nawazuddin Siddiqui, Denzil Smith, Bharati Achrekar",Ritesh Batra,https://image.tmdb.org/t/p/w500/mTSBjTriWuvYp27dsTWF9hs25HB.jpg,https://image.tmdb.org/t/p/w1280/sD1ofnB4ZcOQzZl5k3Gg8q4.jpg
338766,Masaan,मसान,"Four lives intersect along the Ganges river in Varanasi: a low-caste boy hopelessly in love, a daughter ridden with guilt of a sexual encounter, and a spirited young child.",2015-07-24,7.9,290,16.8,/ljRRxqy2aXIkIBXLmOVifcOR021.jpg,/4A6sD1ofnB4ZcOQzZl5k3Gg.jpg,Drama,"varanasi, cremation ghats, caste divide, loss, grief, poetry, cannes winner",109,hi,False,"Vicky Kaushal, Richa Chadha, Shweta Tripathi, Sanjay Mishra, Pankaj Tripathi",Neeraj Ghaywan,https://image.tmdb.org/t/p/w500/ljRRxqy2aXIkIBXLmOVifcOR021.jpg,https://image.tmdb.org/t/p/w1280/4A6sD1ofnB4ZcOQzZl5k3Gg.jpg
310593,Piku,पीकू,"A quirky comedy about the relationship between an eccentric, aging father obsessed with his bowel movements and his independent architect daughter on a road trip to Kolkata.",2015-05-08,7.6,390,19.2,/ceRN51oeadmccAvqvDxpnnNRcLU.jpg,/fnB4ZcOQzZl5k3Gg8q4A6sD.jpg,"Comedy, Drama","road trip, constipation, hypochondriac father, kolkata, bengali family",123,hi,False,"Deepika Padukone, Amitabh Bachchan, Irrfan Khan, Moushumi Chatterjee, Jisshu Sengupta",Shoojit Sircar,https://image.tmdb.org/t/p/w500/ceRN51oeadmccAvqvDxpnnNRcLU.jpg,https://image.tmdb.org/t/p/w1280/fnB4ZcOQzZl5k3Gg8q4A6sD.jpg
505058,Raazi,राज़ी,"During the Indo-Pakistani War of 1971, a young Kashmiri woman is married into a family of Pakistani military officials to relay crucial intelligence to India.",2018-05-11,7.6,360,21.0,/nOXuOeD07nZPT29IgiGT0S8PZH.jpg,/7bK1b96q9q0j7M8V54gD3fB.jpg,"Action, Drama, Thriller","espionage, undercover bride, raw agent, 1971 war, kashmir, patriotism",138,hi,False,"Alia Bhatt, Vicky Kaushal, Rajit Kapur, Shishir Sharma, Jaideep Ahlawat",Meghna Gulzar,https://image.tmdb.org/t/p/w500/nOXuOeD07nZPT29IgiGT0S8PZH.jpg,https://image.tmdb.org/t/p/w1280/7bK1b96q9q0j7M8V54gD3fB.jpg
626392,Chhichhore,छिछोरे,"Following a tragic incident, a group of college friends reunites in the present to share memories of their hostel life and teach a lesson about handling failure.",2019-09-06,7.8,320,22.0,/wjbOlovDadOdPKkSAMohLCjbIsc.jpg,/B47bK1b96q9q0j7M8V54gD3.jpg,"Comedy, Drama","hostel life, sports tournament, losers to winners, friendship, mental pressure",143,hi,False,"Sushant Singh Rajput, Shraddha Kapoor, Varun Sharma, Tahir Raj Bhasin, Naveen Polishetty",Nitesh Tiwari,https://image.tmdb.org/t/p/w500/wjbOlovDadOdPKkSAMohLCjbIsc.jpg,https://image.tmdb.org/t/p/w1280/B47bK1b96q9q0j7M8V54gD3.jpg
693113,Shershaah,शेरशाह,"The life story of Captain Vikram Batra, PVC, who laid down his life while recapturing Point 5140 and Point 4875 during the 1999 Kargil War.",2021-08-12,8.0,420,28.5,/1OTSuh2HNcTRfme8caU8DjgJ39K.jpg,/OQzZl5k3Gg8q4A6sD1ofnB4.jpg,"Action, Biography, Drama, War","kargil war, param vir chakra, yeh dil maange more, captain batra, martyrdom",135,hi,False,"Sidharth Malhotra, Kiara Advani, Shiv Panditt, Nikitin Dheer, Himmanshoo A. Malhotra",Vishnuvardhan,https://image.tmdb.org/t/p/w500/1OTSuh2HNcTRfme8caU8DjgJ39K.jpg,https://image.tmdb.org/t/p/w1280/OQzZl5k3Gg8q4A6sD1ofnB4.jpg
872906,Jawan,जवान,"A man driven by a personal vendetta to rectify the wrongs in society while keeping a promise made years ago, faces a monstrous outlaw who knows no fear.",2023-09-07,7.3,410,38.0,/jFt1gS4BGHlK8xt76Y81Alp4dbt.jpg,/4gD3fB47bK1b96q9q0j7M8V.jpg,"Action, Thriller","metro hijacking, women prison, farmer debt, corrupt politicians, dual role, shah rukh khan",169,hi,False,"Shah Rukh Khan, Nayanthara, Vijay Sethupathi, Deepika Padukone, Priyamani",Atlee,https://image.tmdb.org/t/p/w500/jFt1gS4BGHlK8xt76Y81Alp4dbt.jpg,https://image.tmdb.org/t/p/w1280/4gD3fB47bK1b96q9q0j7M8V.jpg
781732,Animal,एनिमल,A son's obsessive love for his distant father drives him into a dark spiral of violent vengeance against those who attempted to assassinate his patriarch.,2023-12-01,6.8,350,36.2,/hr9rjR3J0xBBKmlJ4n3gHId9ccx.jpg,/7bK1b96q9q0j7M8V54gD3fB.jpg,"Action, Crime, Drama","toxic father son, machine gun, industrialist family, revenge, ranbir kapoor",201,hi,False,"Ranbir Kapoor, Anil Kapoor, Bobby Deol, Rashmika Mandanna, Triptii Dimri",Sandeep Reddy Vanga,https://image.tmdb.org/t/p/w500/hr9rjR3J0xBBKmlJ4n3gHId9ccx.jpg,https://image.tmdb.org/t/p/w1280/7bK1b96q9q0j7M8V54gD3fB.jpg
967847,Dunki,डंकी,"Four friends from a village in Punjab share a common dream: to travel to England. Missing visas and money, they embark on a perilous illegal journey known as the Donkey Flight.",2023-12-21,7.1,310,28.0,/e1J2oNzSBdou01sUvriVuoYp0pJ.jpg,/B47bK1b96q9q0j7M8V54gD3.jpg,"Comedy, Drama","donkey flight, illegal immigration, punjab to london, friendship, soldier",161,hi,False,"Shah Rukh Khan, Taapsee Pannu, Vicky Kaushal, Boman Irani, Vikram Kochhar",Rajkumar Hirani,https://image.tmdb.org/t/p/w500/e1J2oNzSBdou01sUvriVuoYp0pJ.jpg,https://image.tmdb.org/t/p/w1280/B47bK1b96q9q0j7M8V54gD3.jpg
850165,Fighter,फाइटर,"Top Indian Air Force aviators come together in the face of imminent danger to form Air Dragons, an elite combat unit defending the country's skies.",2024-01-25,7.2,330,32.5,/s2VLjcykJfwplJNGT5iEeCA0mRx.jpg,/D3fB47bK1b96q9q0j7M8V54.jpg,"Action, Adventure, War","air combat, fighter jet, dogfight, sukhoi, pulwama retaliation, patriotic",166,hi,False,"Hrithik Roshan, Deepika Padukone, Anil Kapoor, Karan Singh Grover, Akshay Oberoi",Siddharth Anand,https://image.tmdb.org/t/p/w500/s2VLjcykJfwplJNGT5iEeCA0mRx.jpg,https://image.tmdb.org/t/p/w1280/D3fB47bK1b96q9q0j7M8V54.jpg
273895,Bangalore Days,ബാംഗ്ലൂർ ഡേയ്സ്,"Three cousins relocate to Bangalore to fulfill their individual dreams, where they experience love, heartbreaks, career shifts, and family reconciliations.",2014-05-30,7.8,290,17.5,/2QyUcitU0hrxy6B2zkyJ0EhNlqm.jpg,/fnB4ZcOQzZl5k3Gg8q4A6sD.jpg,"Comedy, Drama, Romance","cousins, bangalore city, motocross, arranged marriage, coming of age",171,ml,False,"Dulquer Salmaan, Nivin Pauly, Nazriya Nazim, Fahadh Faasil, Parvathy Thiruvothu",Anjali Menon,https://image.tmdb.org/t/p/w500/2QyUcitU0hrxy6B2zkyJ0EhNlqm.jpg,https://image.tmdb.org/t/p/w1280/fnB4ZcOQzZl5k3Gg8q4A6sD.jpg
766487,Minnal Murali,മിന്നൽ മുരളി,"A small-town tailor gains superhero powers after being struck by lightning, but must take down an unexpected adversary who received the exact same bolt of lightning.",2021-12-24,7.6,310,22.0,/vExAbdNjhCrHkRjdIzAyxNIg0TV.jpg,/sD1ofnB4ZcOQzZl5k3Gg8q4.jpg,"Action, Adventure, Comedy, Fantasy","superhero origin, lightning strike, rural kerala, cape, supervillain",158,ml,False,"Tovino Thomas, Guru Somasundaram, Aju Varghese, Femina George, Sneha Babu",Basil Joseph,https://image.tmdb.org/t/p/w500/vExAbdNjhCrHkRjdIzAyxNIg0TV.jpg,https://image.tmdb.org/t/p/w1280/sD1ofnB4ZcOQzZl5k3Gg8q4.jpg
704264,777 Charlie,೭೭೭ ಚಾರ್ಲಿ,"Dharma is stuck in a rut with his negative and lonely lifestyle, until an energetic Labrador puppy named Charlie enters his life and gives him purpose.",2022-06-10,8.2,330,24.0,/9NBBkdxH0TjQEBSN2AzeE1sgsF9.jpg,/4gD3fB47bK1b96q9q0j7M8V.jpg,"Adventure, Comedy, Drama","dog human bond, labrador, road trip, himalayas, transformation",164,kn,False,"Rakshit Shetty, Charlie, Sangeetha Sringeri, Raj B. Shetty, Danish Sait",Kiranraj K.,https://image.tmdb.org/t/p/w500/9NBBkdxH0TjQEBSN2AzeE1sgsF9.jpg,https://image.tmdb.org/t/p/w1280/4gD3fB47bK1b96q9q0j7M8V.jpg
11660,Munna Bhai M.B.B.S.,मुन्ना भाई एम.बी.बी.एस.,"A Mumbai underworld don enrols in medical college to fulfill his father's dream of seeing him as a real doctor, disarming everyone with his unconventional hugs.",2003-12-19,7.7,440,21.0,/3bX6VVSMf0dvzk5pMT4ALG5A92d.jpg,/7bK1b96q9q0j7M8V54gD3fB.jpg,"Comedy, Drama","medical college, jadu ki jhappi, gandhigiri precursor, don becomes doctor, circuit",156,hi,False,"Sanjay Dutt, Arshad Warsi, Sunil Dutt, Gracy Singh, Boman Irani",Rajkumar Hirani,https://image.tmdb.org/t/p/w500/3bX6VVSMf0dvzk5pMT4ALG5A92d.jpg,https://image.tmdb.org/t/p/w1280/7bK1b96q9q0j7M8V54gD3fB.jpg
11659,Lage Raho Munna Bhai,लगे रहो मुन्ना भाई,"Munna Bhai starts having realistic visions of Mahatma Gandhi, using his philosophy of non-violence and truth ('Gandhigiri') to help ordinary citizens solve dilemmas.",2006-09-01,7.7,390,20.2,/ltmcFRvTeAgBgMLUGa15KzDSQqs.jpg,/B47bK1b96q9q0j7M8V54gD3.jpg,"Comedy, Drama","gandhigiri, mahatma gandhi, radio jockey, truth, flower power, circuit",144,hi,False,"Sanjay Dutt, Arshad Warsi, Vidya Balan, Boman Irani, Dilip Prabhavalkar",Rajkumar Hirani,https://image.tmdb.org/t/p/w500/ltmcFRvTeAgBgMLUGa15KzDSQqs.jpg,https://image.tmdb.org/t/p/w1280/B47bK1b96q9q0j7M8V54gD3.jpg
10757,Kal Ho Naa Ho,कल हो ना हो,An introverted Indian-American MBA student in Manhattan falls for an exuberant neighbor who harbors a life-threatening medical secret.,2003-11-28,7.7,520,23.5,/eJrD94E1msYEa0DygvkvdEKpChm.jpg,/D3fB47bK1b96q9q0j7M8V54.jpg,"Comedy, Drama, Romance","new york city, terminal illness, unrequited love, matchmaking, aman mathur",186,hi,False,"Shah Rukh Khan, Preity Zinta, Saif Ali Khan, Jaya Bachchan, Sushma Seth",Nikkhil Advani,https://image.tmdb.org/t/p/w500/eJrD94E1msYEa0DygvkvdEKpChm.jpg,https://image.tmdb.org/t/p/w1280/D3fB47bK1b96q9q0j7M8V54.jpg
10758,Kabhi Khushi Kabhie Gham,कभी खुशी कभी ग़म,"Years after an adopted older son is disowned by his strict father for marrying beneath his social status, his younger brother sets out on a secret mission to reunite the family.",2001-12-14,7.6,620,25.0,/ux3SPTHHmJytSjWEaV7xlo9nbOZ.jpg,/fnB4ZcOQzZl5k3Gg8q4A6sD.jpg,"Drama, Musical, Romance","billionaire family, london reunion, adoption, family values, rahul and anjali",210,hi,False,"Amitabh Bachchan, Jaya Bachchan, Shah Rukh Khan, Kajol, Hrithik Roshan, Kareena Kapoor",Karan Johar,https://image.tmdb.org/t/p/w500/ux3SPTHHmJytSjWEaV7xlo9nbOZ.jpg,https://image.tmdb.org/t/p/w1280/fnB4ZcOQzZl5k3Gg8q4A6sD.jpg
26022,My Name Is Khan,माय नेम इज़ ख़ान,An Indian Muslim man with Asperger's syndrome undertakes an extraordinary cross-country journey across America to meet the US President and clear his family's name.,2010-02-12,7.9,1300,27.5,/5Y36lCiNyyV71mjq6LavgiggbhT.jpg,/sD1ofnB4ZcOQzZl5k3Gg8q4.jpg,Drama,"aspergers syndrome, post 9-11 islamophobia, cross country journey, peace, mandira",165,hi,False,"Shah Rukh Khan, Kajol, Jimmy Sheirgill, Zarina Wahab, Christopher B. Duncan",Karan Johar,https://image.tmdb.org/t/p/w500/5Y36lCiNyyV71mjq6LavgiggbhT.jpg,https://image.tmdb.org/t/p/w1280/sD1ofnB4ZcOQzZl5k3Gg8q4.jpg
10073,Devdas,देवदास,"After his wealthy family prohibits him from marrying the woman he loves, Devdas turns to alcohol and seeks solace in the company of a courtesan named Chandramukhi.",2002-07-12,7.6,480,21.0,/xjLK0EmD0MAM7B049SRCUQaqkdL.jpg,/4gD3fB47bK1b96q9q0j7M8V.jpg,"Drama, Musical, Romance","unrequited love, tragic alcoholism, parbata, chandramukhi, opulent sets",185,hi,False,"Shah Rukh Khan, Aishwarya Rai Bachchan, Madhuri Dixit, Jackie Shroff, Kirron Kher",Sanjay Leela Bhansali,https://image.tmdb.org/t/p/w500/xjLK0EmD0MAM7B049SRCUQaqkdL.jpg,https://image.tmdb.org/t/p/w1280/4gD3fB47bK1b96q9q0j7M8V.jpg
297222,PK,पीके,An innocent alien stranded on Earth loses his communication remote. His quest to retrieve it questions dogmatic religious rituals and godmen in human society.,2014-12-18,7.7,890,29.0,/z2x2Y4tncefsIU7h82gmUM5vnBJ.jpg,/7bK1b96q9q0j7M8V54gD3fB.jpg,"Comedy, Drama, Science Fiction","alien on earth, blind faith, religious critique, wrong number, satire",153,hi,False,"Aamir Khan, Anushka Sharma, Sushant Singh Rajput, Boman Irani, Saurabh Shukla",Rajkumar Hirani,https://image.tmdb.org/t/p/w500/z2x2Y4tncefsIU7h82gmUM5vnBJ.jpg,https://image.tmdb.org/t/p/w1280/7bK1b96q9q0j7M8V54gD3fB.jpg
491418,Pad Man,पैड मैन,"Upon discovering that his wife uses dirty rags during menstruation, a rural workshop mechanic sets out on a tireless journey to invent a low-cost sanitary pad machine.",2018-02-09,7.5,340,19.5,/xYV1mODz99w7AjKDSQ7h2mzZhVe.jpg,/B47bK1b96q9q0j7M8V54gD3.jpg,"Biography, Comedy, Drama","menstrual hygiene, rural innovator, arunachalam muruganantham, social taboo",140,hi,False,"Akshay Kumar, Radhika Apte, Sonam Kapoor, Jyoti Subhash, Mrinmayee Godbole",R. Balki,https://image.tmdb.org/t/p/w500/xYV1mODz99w7AjKDSQ7h2mzZhVe.jpg,https://image.tmdb.org/t/p/w1280/B47bK1b96q9q0j7M8V54gD3.jpg
379291,Neerja,नीरजा,"The courageous real-life story of Neerja Bhanot, a 22-year-old head purser on Pan Am Flight 73 who gave her life shielding children from hijackers in Karachi in 1986.",2016-02-19,7.6,360,18.8,/mrphHnLo1ywe7yGcA5WhYlx9v3n.jpg,/D3fB47bK1b96q9q0j7M8V54.jpg,"Biography, Drama, Thriller","plane hijack, pan am flight 73, ashok chakra, bravery, flight attendant",122,hi,False,"Sonam Kapoor, Shabana Azmi, Yogendra Tiku, Jim Sarbh, Abrar Zahoor",Ram Madhvani,https://image.tmdb.org/t/p/w500/mrphHnLo1ywe7yGcA5WhYlx9v3n.jpg,https://image.tmdb.org/t/p/w1280/D3fB47bK1b96q9q0j7M8V54.jpg
411088,Pink,पिंक,"When three young working women in Delhi are implicated in a crime by influential men after defending themselves against sexual assault, an aging lawyer steps in to fight for them.",2016-09-16,8.0,420,22.4,/fptnZJbLzKUHeNlYrAynbyoL5YJ.jpg,/fnB4ZcOQzZl5k3Gg8q4A6sD.jpg,"Crime, Drama, Thriller","consent, no means no, courtroom trial, female safety, delhi, deepak sehgal",136,hi,False,"Amitabh Bachchan, Taapsee Pannu, Kirti Kulhari, Andrea Kevichüsa, Angad Bedi",Aniruddha Roy Chowdhury,https://image.tmdb.org/t/p/w500/fptnZJbLzKUHeNlYrAynbyoL5YJ.jpg,https://image.tmdb.org/t/p/w1280/fnB4ZcOQzZl5k3Gg8q4A6sD.jpg
449574,Hindi Medium,हिंदी मीडियम,"A wealthy couple from Chandni Chowk will stop at nothing to get their daughter into an elite English-medium school, even pretending to be impoverished to qualify for reserved quotas.",2017-05-19,7.5,330,19.0,/hAuZ7g6TqDLv5fOqXIPgYRguOkm.jpg,/sD1ofnB4ZcOQzZl5k3Gg8q4.jpg,"Comedy, Drama","private school admissions, language divide, rte quota, education satire, irrfan khan",132,hi,False,"Irrfan Khan, Saba Qamar, Dishita Sehgal, Deepak Dobriyal, Vijay Kumar Dogra",Saket Chaudhary,https://image.tmdb.org/t/p/w500/hAuZ7g6TqDLv5fOqXIPgYRguOkm.jpg,https://image.tmdb.org/t/p/w1280/sD1ofnB4ZcOQzZl5k3Gg8q4.jpg
467954,Secret Superstar,सीक्रेट सुपरस्टार,"A 14-year-old girl in Vadodara dreams of becoming a world-famous singer, posting YouTube videos in a burqa to hide her identity from her abusive father.",2017-10-19,7.8,410,21.8,/16a91uSF41GXEfseEAz11teyVG2.jpg,/4gD3fB47bK1b96q9q0j7M8V.jpg,"Drama, Musical","singing prodigy, viral videos, domestic abuse, mother sacrifice, shakti kumaar",150,hi,False,"Zaira Wasim, Meher Vij, Aamir Khan, Raj Arjun, Kabir Sajid",Advait Chandan,https://image.tmdb.org/t/p/w500/16a91uSF41GXEfseEAz11teyVG2.jpg,https://image.tmdb.org/t/p/w1280/4gD3fB47bK1b96q9q0j7M8V.jpg
575776,Badla,बदला,A young female entrepreneur finds herself locked in a hotel room with the corpse of her dead lover. She hires a renowned defense lawyer to unravel what truly transpired.,2019-03-08,7.3,310,18.2,/ArNYeeDFLVye7JpqLElYdbE6fOa.jpg,/7bK1b96q9q0j7M8V54gD3fB.jpg,"Crime, Mystery, Thriller","locked room mystery, murder interrogations, twist ending, unreliable narrator",118,hi,False,"Amitabh Bachchan, Taapsee Pannu, Amrita Singh, Tony Luke, Manav Kaul",Sujoy Ghosh,https://image.tmdb.org/t/p/w500/ArNYeeDFLVye7JpqLElYdbE6fOa.jpg,https://image.tmdb.org/t/p/w1280/7bK1b96q9q0j7M8V54gD3fB.jpg
669041,Thappad,थप्पड़,"A devoted homemaker's seemingly perfect marriage shatters when her husband slaps her in front of guests at an office celebration, prompting her to file for divorce.",2020-02-28,7.5,280,17.0,/tXJKMChvJmh4OWvXYE0uhHqYHku.jpg,/B47bK1b96q9q0j7M8V54gD3.jpg,Drama,"domestic disrespect, self esteem, divorce proceedings, patriarchal mindset",142,hi,False,"Taapsee Pannu, Pavail Gulati, Dia Mirza, Maya Sarao, Ratna Pathak Shah",Anubhav Sinha,https://image.tmdb.org/t/p/w500/tXJKMChvJmh4OWvXYE0uhHqYHku.jpg,https://image.tmdb.org/t/p/w1280/B47bK1b96q9q0j7M8V54gD3.jpg
496331,Brahmāstra: Part One – Shiva,ब्रह्मास्त्र: पहला भाग – शिवा,A young DJ named Shiva discovers that he possesses a supernatural connection to fire and holds the key to awakening the ultimate weapon: the Brahmāstra.,2022-09-09,6.8,390,31.0,/x61qdvHIsr9U53FwoLVDQqAGur0.jpg,/D3fB47bK1b96q9q0j7M8V54.jpg,"Action, Adventure, Fantasy","astras, hindu mythology, agnyastra, ancient weapons, astraverse",167,hi,False,"Ranbir Kapoor, Alia Bhatt, Amitabh Bachchan, Mouni Roy, Nagarjuna Akkineni",Ayan Mukerji,https://image.tmdb.org/t/p/w500/x61qdvHIsr9U53FwoLVDQqAGur0.jpg,https://image.tmdb.org/t/p/w1280/D3fB47bK1b96q9q0j7M8V54.jpg
43595,Udaan,उड़ान,"Expelled from boarding school, 17-year-old aspiring poet Rohan returns to his industrial hometown to live with an authoritarian father who forces him to work in his metal factory.",2010-07-16,7.9,280,16.5,/kwxAUj8tf9kO2ESAriD8foYN28q.jpg,/fnB4ZcOQzZl5k3Gg8q4A6sD.jpg,Drama,"abusive father, poetry, jamshedpur factory, coming of age, half brother, cannes",134,hi,False,"Rajat Barmecha, Ronit Roy, Aayan Boradia, Ram Kapoor, Manjot Singh",Vikramaditya Motwane,https://image.tmdb.org/t/p/w500/kwxAUj8tf9kO2ESAriD8foYN28q.jpg,https://image.tmdb.org/t/p/w1280/fnB4ZcOQzZl5k3Gg8q4A6sD.jpg
286567,Haider,हैदर,"A modern-day adaptation of Shakespeare's Hamlet set against the violent backdrop of Kashmir in 1995, where a young student returns to investigate his father's disappearance.",2014-10-02,7.8,320,19.0,/AuEzNLF8yvzd169guYEFisqvy5z.jpg,/sD1ofnB4ZcOQzZl5k3Gg8q4.jpg,"Action, Crime, Drama","kashmir insurgency, hamlet adaptation, chutzpah, disappeared doctor, revenge",160,hi,False,"Shahid Kapoor, Tabu, Kay Kay Menon, Shraddha Kapoor, Irrfan Khan",Vishal Bhardwaj,https://image.tmdb.org/t/p/w500/AuEzNLF8yvzd169guYEFisqvy5z.jpg,https://image.tmdb.org/t/p/w1280/sD1ofnB4ZcOQzZl5k3Gg8q4.jpg
353569,Talvar,तलवार,"Based on the controversial 2008 Noida double murder case, an experienced CBI investigator deals with conflicting narratives while investigating a 14-year-old girl's murder.",2015-10-02,7.8,310,18.5,/5frbf55BlFERLJRAwdZNaUGxwN2.jpg,/4gD3fB47bK1b96q9q0j7M8V.jpg,"Crime, Drama, Mystery","aarushi talwar case, cbi probe, rashomon effect, media trial, forensics",132,hi,False,"Irrfan Khan, Konkona Sen Sharma, Neeraj Kabi, Sohum Shah, Tabu",Meghna Gulzar,https://image.tmdb.org/t/p/w500/5frbf55BlFERLJRAwdZNaUGxwN2.jpg,https://image.tmdb.org/t/p/w1280/4gD3fB47bK1b96q9q0j7M8V.jpg
20042,Mughal-E-Azam,मुग़ल-ए-आज़म,A 16th-century Mughal prince falls in love with a court dancer named Anarkali and battles his emperor father to defend their forbidden love.,1960-08-05,7.8,220,15.0,/8jujXofjpSroMQ1R2JLB0GWIPor.jpg,/7bK1b96q9q0j7M8V54gD3fB.jpg,"Drama, History, Romance","emperor akbar, prince salim, anarkali, sheesh mahal, mughal court, epic romance",197,hi,False,"Prithviraj Kapoor, Dilip Kumar, Madhubala, Durga Khote, Nigar Sultana",K. Asif,https://image.tmdb.org/t/p/w500/8jujXofjpSroMQ1R2JLB0GWIPor.jpg,https://image.tmdb.org/t/p/w1280/7bK1b96q9q0j7M8V54gD3fB.jpg
898,Pather Panchali,পথের পাঁচালী,"The life of a poor family in a rural Bengali village through the innocent eyes of young Apu, his sister Durga, and their elderly aunt.",1955-08-26,8.0,480,22.4,/6EODLN11HTX4l2cmakAhWIoJLF.jpg,/B47bK1b96q9q0j7M8V54gD3.jpg,Drama,"bengal, train whistle, monsoons, poverty, apu trilogy, satyajit ray",125,bn,False,"Subir Banerjee, Kanu Banerjee, Karuna Banerjee, Uma Dasgupta, Chunibala Devi",Satyajit Ray,https://image.tmdb.org/t/p/w500/6EODLN11HTX4l2cmakAhWIoJLF.jpg,https://image.tmdb.org/t/p/w1280/B47bK1b96q9q0j7M8V54gD3.jpg
899,Aparajito,অপরাজিত,"Following the tragic losses in his village, Apu moves with his mother to Varanasi and later earns a scholarship to study in Calcutta.",1956-10-11,7.9,290,16.0,/njwFIUL76zaRmPemnrZVmmTSCjz.jpg,/D3fB47bK1b96q9q0j7M8V54.jpg,Drama,"varanasi ghats, calcutta college, mother son separation, grief, apu trilogy",110,bn,False,"Pinaki Sengupta, Smaran Ghosal, Karuna Banerjee, Ramani Sengupta, Santi Gupta",Satyajit Ray,https://image.tmdb.org/t/p/w500/njwFIUL76zaRmPemnrZVmmTSCjz.jpg,https://image.tmdb.org/t/p/w1280/D3fB47bK1b96q9q0j7M8V54.jpg
900,The World of Apu,অপুর সংসার,An adult Apu struggles as an aspiring writer in Calcutta before unexpected circumstances lead him to an unexpected marriage with Aparna.,1959-05-01,8.1,310,17.2,/vTNNOtemaYmtx3k2NpsLMRJKEwZ.jpg,/fnB4ZcOQzZl5k3Gg8q4A6sD.jpg,"Drama, Romance","young adulthood, marriage, writer manuscripts, tragic grief, apu trilogy",105,bn,False,"Soumitra Chatterjee, Sharmila Tagore, Alok Chakravarty, Swapan Mukherjee",Satyajit Ray,https://image.tmdb.org/t/p/w500/vTNNOtemaYmtx3k2NpsLMRJKEwZ.jpg,https://image.tmdb.org/t/p/w1280/fnB4ZcOQzZl5k3Gg8q4A6sD.jpg
39426,Anand,आनंद,"A terminally ill cancer patient approaches life with boundless cheerfulness and touches the hearts of everyone around him, especially his solemn doctor.",1971-03-12,8.1,290,16.8,/xJLt850kWTpdbDxURSLO69ARTYt.jpg,/sD1ofnB4ZcOQzZl5k3Gg8q4.jpg,"Drama, Musical","cancer, optimism, babumoshai, friendship, philosophy of life, rajesh khanna",122,hi,False,"Rajesh Khanna, Amitabh Bachchan, Sumita Sanyal, Ramesh Deo, Seema Deo",Hrishikesh Mukherjee,https://image.tmdb.org/t/p/w500/xJLt850kWTpdbDxURSLO69ARTYt.jpg,https://image.tmdb.org/t/p/w1280/sD1ofnB4ZcOQzZl5k3Gg8q4.jpg
14828,Deewaar,दीवार,"Two impoverished brothers choose contrasting paths in life: one rises as a wealthy underworld smuggler, while the other becomes an honest police officer.",1975-01-24,7.7,270,16.0,/pwzfljCp52jieXTBE0lynz7bu2g.jpg,/4gD3fB47bK1b96q9q0j7M8V.jpg,"Action, Crime, Drama","angry young man, dock worker, smuggler, police brother, mere paas maa hai",174,hi,False,"Amitabh Bachchan, Shashi Kapoor, Nirupa Roy, Parveen Babi, Neetu Singh",Yash Chopra,https://image.tmdb.org/t/p/w500/pwzfljCp52jieXTBE0lynz7bu2g.jpg,https://image.tmdb.org/t/p/w1280/4gD3fB47bK1b96q9q0j7M8V.jpg
41439,Gol Maal,गोल माल,A fun-loving young man invents a fictional twin brother to keep his job under a stern boss who despises sports and non-traditional hobbies.,1979-04-20,7.9,260,15.2,/qHCZ6LjtmqWDfXXN28TlIC9OppK.jpg,/7bK1b96q9q0j7M8V54gD3fB.jpg,"Comedy, Romance","fake mustache, twin brother deception, classic comedy, bhavani shankar, ramprasad",144,hi,False,"Amol Palekar, Utpal Dutt, Bindiya Goswami, Deven Verma, Dina Pathak",Hrishikesh Mukherjee,https://image.tmdb.org/t/p/w500/qHCZ6LjtmqWDfXXN28TlIC9OppK.jpg,https://image.tmdb.org/t/p/w1280/7bK1b96q9q0j7M8V54gD3fB.jpg
38814,Jaane Bhi Do Yaaro,जाने भी दो यारो,Two struggling professional photographers accidentally photograph a real-estate murder and uncover a comical web of corrupt politicians and contractors.,1983-08-12,8.0,280,16.0,/mrrAPT7T1TjLMEIfeZLWZRT41B7.jpg,/B47bK1b96q9q0j7M8V54gD3.jpg,"Comedy, Crime, Drama","satire on corruption, builders mafia, dead body chase, mahabharata play, cult comedy",132,hi,False,"Naseeruddin Shah, Ravi Baswani, Bhakti Barve, Satish Shah, Om Puri",Kundan Shah,https://image.tmdb.org/t/p/w500/mrrAPT7T1TjLMEIfeZLWZRT41B7.jpg,https://image.tmdb.org/t/p/w1280/B47bK1b96q9q0j7M8V54gD3.jpg
40807,Satya,सत्या,"An innocent immigrant arrives in Mumbai looking for work, gets falsely jailed, and is drawn into the brutal underworld by an influential gang leader named Bhiku Mhatre.",1998-07-03,7.9,310,18.0,/8f9tM9JVB4ETBhxlQcXIjLckArl.jpg,/D3fB47bK1b96q9q0j7M8V54.jpg,"Action, Crime, Drama","mumbai underworld, bhiku mhatre, shooter, realistic gangster film, ram gopal varma",170,hi,False,"J.D. Chakravarthy, Manoj Bajpayee, Urmila Matondkar, Paresh Rawal, Saurabh Shukla",Ram Gopal Varma,https://image.tmdb.org/t/p/w500/8f9tM9JVB4ETBhxlQcXIjLckArl.jpg,https://image.tmdb.org/t/p/w1280/D3fB47bK1b96q9q0j7M8V54.jpg
24653,Sarfarosh,सरफ़रोश,"After his brother is killed and father injured by terrorists, an honest medical student abandons his studies to become a dedicated police officer combating cross-border arms trafficking.",1999-04-30,7.7,290,16.8,/2ubdrvMHcRTFzkUdmSIuvupLqRS.jpg,/fnB4ZcOQzZl5k3Gg8q4A6sD.jpg,"Action, Drama, Thriller","arms trafficking, ghazal singer spy, border security, acp ajay rathod, patriotism",174,hi,False,"Aamir Khan, Sonali Bendre, Naseeruddin Shah, Mukesh Rishi, Pradeep Rawat",John Mathew Matthan,https://image.tmdb.org/t/p/w500/2ubdrvMHcRTFzkUdmSIuvupLqRS.jpg,https://image.tmdb.org/t/p/w1280/fnB4ZcOQzZl5k3Gg8q4A6sD.jpg
262330,Ulidavaru Kandanthe,ಉಳಿದವರು ಕಂಡಂತೆ,"A journalist probes an unclosed murder case that occurred during the Krishna Janmashtami festival in coastal Karnataka, piecing together the story from five viewpoints.",2014-03-28,7.9,240,15.0,/nTCAF2YzU0BMEABcxFwug2w2yN9.jpg,/sD1ofnB4ZcOQzZl5k3Gg8q4.jpg,"Action, Crime, Drama","non-linear narrative, coastal karnataka, tiger dance, rashomon effect, richie",154,kn,False,"Rakshit Shetty, Kishore, Tara, Achyuth Kumar, Sheetal Shetty",Rakshit Shetty,https://image.tmdb.org/t/p/w500/nTCAF2YzU0BMEABcxFwug2w2yN9.jpg,https://image.tmdb.org/t/p/w1280/sD1ofnB4ZcOQzZl5k3Gg8q4.jpg
257777,Ugramm,ಉಗ್ರಂ,A mysterious mechanic with a violent past shields a young woman from a bloodthirsty warlord in an infamous criminal town called Mughor.,2014-02-21,7.6,210,14.2,/pBS3WDIJH41uj3hyaWUot9xAVCX.jpg,/4gD3fB47bK1b96q9q0j7M8V.jpg,"Action, Thriller","mechanic, dark past, mughor underworld, warlord, srimurali, prashanth neel",141,kn,False,"Sriimurali, Hariprriya, Tilak Shekar, Atul Kulkarni, Avinash",Prashanth Neel,https://image.tmdb.org/t/p/w500/pBS3WDIJH41uj3hyaWUot9xAVCX.jpg,https://image.tmdb.org/t/p/w1280/4gD3fB47bK1b96q9q0j7M8V.jpg
14830,Don (1978),डॉन,"When an elusive underworld criminal named Don is killed in a police encounter, the officer recruits a simple street lookalike to infiltrate the cartel.",1978-05-12,7.6,310,18.0,/7ygcpWXsWmEc83j7zE8P0lvC0Q.jpg,/7bK1b96q9q0j7M8V54gD3fB.jpg,"Action, Crime, Thriller","double role, underworld kingpin, lookalike, red diary, amarr akbar anthony era",166,hi,False,"Amitabh Bachchan, Zeenat Aman, Pran, Iftekhar, Om Shivpuri",Chandra Barot,https://image.tmdb.org/t/p/w500/7ygcpWXsWmEc83j7zE8P0lvC0Q.jpg,https://image.tmdb.org/t/p/w1280/7bK1b96q9q0j7M8V54gD3fB.jpg
68339,Masoom,मासूम,A happily married architect's life turns upside down when he discovers that he has an illegitimate son from a brief past relationship whose mother has just died.,1983-02-11,7.9,210,14.5,/pa9gmzyt6d0k0Y1PwMnhSBfTlFD.jpg,/B47bK1b96q9q0j7M8V54gD3.jpg,Drama,"infidelity, illegitimate child, family reconciliation, lakdi ki kathi, shekhar kapur",143,hi,False,"Naseeruddin Shah, Shabana Azmi, Jugal Hansraj, Aradhana Srivastav, Urmila Matondkar",Shekhar Kapur,https://image.tmdb.org/t/p/w500/pa9gmzyt6d0k0Y1PwMnhSBfTlFD.jpg,https://image.tmdb.org/t/p/w1280/B47bK1b96q9q0j7M8V54gD3.jpg
99468,Vicky Donor,विकी डोनर,"A fertility clinic doctor convinces an unemployed, carefree young Delhi man to become a sperm donor, which complicates his budding romance with a Bengali banker.",2012-04-20,7.3,310,17.5,/fx3VKVZOvF6B9GBlN7wLvUPqDZ0.jpg,/D3fB47bK1b96q9q0j7M8V54.jpg,"Comedy, Romance","sperm donation, fertility clinic, delhiboy, inter community marriage, ayushmann debut",126,hi,False,"Ayushmann Khurrana, Yami Gautam, Annu Kapoor, Dolly Ahluwalia, Kamlesh Gill",Shoojit Sircar,https://image.tmdb.org/t/p/w500/fx3VKVZOvF6B9GBlN7wLvUPqDZ0.jpg,https://image.tmdb.org/t/p/w1280/D3fB47bK1b96q9q0j7M8V54.jpg
160588,Special 26,स्पेशल 26,A crew of confident con artists poses as CBI and Income Tax officers to execute daring raids on wealthy corrupt politicians and jewelers across India.,2013-02-08,7.6,360,19.0,/nsj0RLRI10351uYMoAKPur6Derd.jpg,/fnB4ZcOQzZl5k3Gg8q4A6sD.jpg,"Crime, Drama, Thriller","fake cbi raid, opera house heist, 1980s, real incident con, akshay kumar",144,hi,False,"Akshay Kumar, Manoj Bajpayee, Anupam Kher, Jimmy Sheirgill, Kajal Aggarwal",Neeraj Pandey,https://image.tmdb.org/t/p/w500/nsj0RLRI10351uYMoAKPur6Derd.jpg,https://image.tmdb.org/t/p/w1280/fnB4ZcOQzZl5k3Gg8q4A6sD.jpg
548893,Badhaai Ho,बधाई हो,"A 25-year-old man suffers intense social embarrassment when his middle-aged mother becomes pregnant, forcing the household to confront societal gossip.",2018-10-18,7.5,310,18.5,/xZdzzPodAD2f5RuBN3nmd1Z59r9.jpg,/sD1ofnB4ZcOQzZl5k3Gg8q4.jpg,"Comedy, Drama","middle aged pregnancy, family embarrassment, railway colony, neena gupta, gajraj rao",124,hi,False,"Ayushmann Khurrana, Sanya Malhotra, Gajraj Rao, Neena Gupta, Surekha Sikri",Amit Ravindernath Sharma,https://image.tmdb.org/t/p/w500/xZdzzPodAD2f5RuBN3nmd1Z59r9.jpg,https://image.tmdb.org/t/p/w1280/sD1ofnB4ZcOQzZl5k3Gg8q4.jpg
374473,Charlie,ചാർലി,A free-spirited young woman rents a room previously occupied by an enigmatic nomad and becomes fascinated by his unfinished graphic novel.,2015-12-24,7.8,270,16.0,/nu3WVABXz2W85N6JXTZOT1aWS3b.jpg,/4gD3fB47bK1b96q9q0j7M8V.jpg,"Adventure, Drama, Romance","bohemian lifestyle, nomadic spirit, quest for mysterious man, visual poetry",129,ml,False,"Dulquer Salmaan, Parvathy Thiruvothu, Aparna Gopinath, Nedumudi Venu, Soubin Shahir",Martin Prakkat,https://image.tmdb.org/t/p/w500/nu3WVABXz2W85N6JXTZOT1aWS3b.jpg,https://image.tmdb.org/t/p/w1280/4gD3fB47bK1b96q9q0j7M8V.jpg
380482,Maheshinte Prathikaaram,മഹേഷിന്റെ പ്രതികാരം,A modest studio photographer in rural Idukki is beaten up during a street brawl and vows never to wear slippers again until he avenges his humiliation.,2016-02-05,8.0,290,17.0,/11AAtQuSDAwX03eLBIW77c84wZN.jpg,/7bK1b96q9q0j7M8V54gD3fB.jpg,"Comedy, Drama, Romance","idukki village, studio photographer, barefoot vow, gentle revenge, fahadh faasil",120,ml,False,"Fahadh Faasil, Aparna Balamurali, Anusree, Alencier Ley Lopez, Soubin Shahir",Dileesh Pothan,https://image.tmdb.org/t/p/w500/11AAtQuSDAwX03eLBIW77c84wZN.jpg,https://image.tmdb.org/t/p/w1280/7bK1b96q9q0j7M8V54gD3fB.jpg
42981,Ganga Jamuna,गंगा जमुना,Two brothers born into a poor farming family find themselves on opposite sides of the law when Ganga turns to dacoity while Jamuna becomes a police officer.,1961-01-01,7.4,180,13.0,/eUIELE2IkuWkAc3JzjYz6J2Lpx5.jpg,/B47bK1b96q9q0j7M8V54gD3.jpg,"Action, Crime, Drama","awadhi dialect, dacoit brother, cop brother, mother sacrifice, dilip kumar",171,hi,False,"Dilip Kumar, Vyjayanthimala, Nasir Khan, Azra, Kanhaiyalal",Nitin Bose,https://image.tmdb.org/t/p/w500/eUIELE2IkuWkAc3JzjYz6J2Lpx5.jpg,https://image.tmdb.org/t/p/w1280/B47bK1b96q9q0j7M8V54gD3.jpg
20455,Hera Pheri,हेरा फेरी,"Two tenants and their kind-hearted, dim-witted landlord get involved in a high-stakes kidnapping ransom scheme due to a crossed telephone connection.",2000-03-31,7.9,450,25.0,/tiH1muonzAWzlLjPhjAcAYVAjzm.jpg,/D3fB47bK1b96q9q0j7M8V54.jpg,"Comedy, Crime","baburao apte, star garage, crossed telephone, ransom call, cult comedy trio",156,hi,False,"Akshay Kumar, Suniel Shetty, Paresh Rawal, Tabu, Om Puri",Priyadarshan,https://image.tmdb.org/t/p/w500/tiH1muonzAWzlLjPhjAcAYVAjzm.jpg,https://image.tmdb.org/t/p/w1280/D3fB47bK1b96q9q0j7M8V54.jpg
20456,Phir Hera Pheri,फिर हेरा फेरी,"Raju, Shyam, and Baburao fall prey to a fraudulent double-your-money scam and must pull off a dangerous antique drug heist to repay a notorious loan shark.",2006-06-09,7.4,380,23.5,/c1Mvyd983ZyrU5Vf2aKEe6WncSq.jpg,/fnB4ZcOQzZl5k3Gg8q4A6sD.jpg,"Comedy, Crime","laxmi chit fund, 21 din mein paisa double, baburao, totla seth, comedy sequel",153,hi,False,"Akshay Kumar, Suniel Shetty, Paresh Rawal, Bipasha Basu, Rimi Sen",Neeraj Vora,https://image.tmdb.org/t/p/w500/c1Mvyd983ZyrU5Vf2aKEe6WncSq.jpg,https://image.tmdb.org/t/p/w1280/fnB4ZcOQzZl5k3Gg8q4A6sD.jpg
20612,Bhool Bhulaiyaa,भूल भुलैया,"An NRI and his wife decide to stay in his ancestral mansion despite warnings about ghosts, prompting an eccentric psychiatrist to uncover the supernatural mystery.",2007-10-12,7.5,420,24.0,/r5p19XzY9g3j3whIXHGL1NKRTJf.jpg,/sD1ofnB4ZcOQzZl5k3Gg8q4.jpg,"Comedy, Horror, Mystery","manjulika, ghost in palace, psychiatrist, akshay kumar, ami je tomar",159,hi,False,"Akshay Kumar, Vidya Balan, Shiney Ahuja, Ameesha Patel, Paresh Rawal",Priyadarshan,https://image.tmdb.org/t/p/w500/r5p19XzY9g3j3whIXHGL1NKRTJf.jpg,https://image.tmdb.org/t/p/w1280/sD1ofnB4ZcOQzZl5k3Gg8q4.jpg
11654,Jab We Met,जब वी मेट,"A depressed, heartbroken Mumbai businessman meets an irrepressibly chatterbox Punjabi girl on an overnight train, and his life transforms completely.",2007-10-26,7.8,490,23.0,/lFTDtRtK8J55A1LTpwigV7QGQg7.jpg,/4gD3fB47bK1b96q9q0j7M8V.jpg,"Comedy, Drama, Romance","train journey, geet dhillon, bhatinda, shimla, opposites attract, feel good",138,hi,False,"Shahid Kapoor, Kareena Kapoor, Tarun Arora, Dara Singh, Saumya Tandon",Imtiaz Ali,https://image.tmdb.org/t/p/w500/lFTDtRtK8J55A1LTpwigV7QGQg7.jpg,https://image.tmdb.org/t/p/w1280/4gD3fB47bK1b96q9q0j7M8V.jpg
178521,Yeh Jawaani Hai Deewani,ये जवानी है दीवानी,"Kabir and Naina meet during a trekking trip to Manali and develop feelings for each other, but Kabir's passion for globetrotting journalism takes them in separate directions.",2013-05-31,7.5,520,26.0,/em39H81XLCDgXsI7V4IcBZseEO6.jpg,/7bK1b96q9q0j7M8V54gD3fB.jpg,"Drama, Musical, Romance","manali trek, travel photographer, wedding in udaipur, bunny and naina, wanderlust",160,hi,False,"Ranbir Kapoor, Deepika Padukone, Aditya Roy Kapur, Kalki Koechlin, Evelyn Sharma",Ayan Mukerji,https://image.tmdb.org/t/p/w500/em39H81XLCDgXsI7V4IcBZseEO6.jpg,https://image.tmdb.org/t/p/w1280/7bK1b96q9q0j7M8V54gD3fB.jpg
10565,Dil Chahta Hai,दिल चाहता है,"Three inseparable college friends with contrasting outlooks on life and romance navigate love, family expectations, and relationship fractures after graduating.",2001-08-10,7.8,390,20.0,/idu7JFgt3nXHBwSAiSfWN0p2C00.jpg,/B47bK1b96q9q0j7M8V54gD3.jpg,"Comedy, Drama, Romance","goa trip, chapora fort, friendship, modern youth, akash sid sameer, farhan debut",183,hi,False,"Aamir Khan, Saif Ali Khan, Akshaye Khanna, Preity Zinta, Sonali Kulkarni",Farhan Akhtar,https://image.tmdb.org/t/p/w500/idu7JFgt3nXHBwSAiSfWN0p2C00.jpg,https://image.tmdb.org/t/p/w1280/B47bK1b96q9q0j7M8V54gD3.jpg
10756,Veer-Zaara,वीर-ज़ारा,An Indian Air Force rescue pilot falls in love with a Pakistani woman. He spends 22 years in a Pakistani prison to protect her honor until a human rights lawyer takes his case.,2004-11-12,7.8,480,22.0,/lGi5yio4pdDz5PkSeZCbnMQz5vK.jpg,/D3fB47bK1b96q9q0j7M8V54.jpg,"Drama, Musical, Romance","cross border love, pilot prisoner, lahore court, yash chopra, rani mukerji lawyer",192,hi,False,"Shah Rukh Khan, Preity Zinta, Rani Mukerji, Amitabh Bachchan, Hema Malini",Yash Chopra,https://image.tmdb.org/t/p/w500/lGi5yio4pdDz5PkSeZCbnMQz5vK.jpg,https://image.tmdb.org/t/p/w1280/D3fB47bK1b96q9q0j7M8V54.jpg
11528,Om Shanti Om,ओम शांति ओम,"A junior junior film artist in 1970s Bollywood is murdered while trying to save the woman he loves, and is reincarnated in the 2000s as a superstar to avenge their deaths.",2007-11-09,7.3,510,22.5,/7PYqz0viEuW8qTvuGinUMjDWMnj.jpg,/fnB4ZcOQzZl5k3Gg8q4A6sD.jpg,"Action, Comedy, Drama, Romance","reincarnation, 1970s bollywood, studio fire, revenge, deepika debut",169,hi,False,"Shah Rukh Khan, Deepika Padukone, Arjun Rampal, Shreyas Talpade, Kirron Kher",Farah Khan,https://image.tmdb.org/t/p/w500/7PYqz0viEuW8qTvuGinUMjDWMnj.jpg,https://image.tmdb.org/t/p/w1280/fnB4ZcOQzZl5k3Gg8q4A6sD.jpg
14197,Black,ब्लैक,"The cathartic journey of a deaf and blind girl and her dedicated alcoholic teacher who introduces her to light, knowledge, and self-worth.",2005-02-04,7.8,280,16.5,/2cJWaUNdyNpd86CzdU6jUnbfxMq.jpg,/sD1ofnB4ZcOQzZl5k3Gg8q4.jpg,Drama,"blind and deaf, teacher and student, alzheimers disease, graduation, sanjay leela bhansali",122,hi,False,"Amitabh Bachchan, Rani Mukerji, Shernaz Patel, Dhritiman Chatterjee, Ayesha Kapur",Sanjay Leela Bhansali,https://image.tmdb.org/t/p/w500/2cJWaUNdyNpd86CzdU6jUnbfxMq.jpg,https://image.tmdb.org/t/p/w1280/sD1ofnB4ZcOQzZl5k3Gg8q4.jpg
44111,Ugly,अग्ली,"When a struggling actor's young daughter is kidnapped from his parked car, a gritty investigation exposes the selfishness, greed, and ego of all involved.",2013-12-26,7.7,240,15.0,/9AfdQM7X6pBIvppfuia3LhA5bQs.jpg,/4gD3fB47bK1b96q9q0j7M8V.jpg,"Crime, Drama, Mystery, Thriller","child kidnapping, police interrogation, dark thriller, greed, anurag kashyap",128,hi,False,"Rahul Bhat, Ronit Roy, Tejaswini Kolhapure, Vineet Kumar Singh, Surveen Chawla",Anurag Kashyap,https://image.tmdb.org/t/p/w500/9AfdQM7X6pBIvppfuia3LhA5bQs.jpg,https://image.tmdb.org/t/p/w1280/4gD3fB47bK1b96q9q0j7M8V.jpg
435365,Newton,न्यूटन,"A rookie government clerk is sent on election duty to a conflict-ridden jungle outpost in Central India, determined to conduct a free and fair voting process despite Naxal threats.",2017-09-22,7.6,260,16.0,/fvw9W7ds0Q51hQIbS7JoUBqL3tK.jpg,/7bK1b96q9q0j7M8V54gD3fB.jpg,"Comedy, Drama","democratic voting, naxalite conflict, tribal voters, crpf officer, idealism",106,hi,False,"Rajkummar Rao, Pankaj Tripathi, Anjali Patil, Raghubir Yadav, Hardik Meher",Amit V. Masurkar,https://image.tmdb.org/t/p/w500/fvw9W7ds0Q51hQIbS7JoUBqL3tK.jpg,https://image.tmdb.org/t/p/w1280/7bK1b96q9q0j7M8V54gD3fB.jpg
14198,Gadar: Ek Prem Katha,गदर: एक प्रेम कथा,"During the partition of India in 1947, a Sikh truck driver rescues and marries a Muslim aristocrat. When her father separates them, he storms Pakistan to bring his wife home.",2001-06-15,7.2,310,18.0,/2Nd816rpRLxuq8YU3dPcDsoTpWR.jpg,/B47bK1b96q9q0j7M8V54gD3.jpg,"Action, Drama, Romance","partition of india, handpump scene, lahore confrontation, sunny deol, patriotic blockbuster",190,hi,False,"Sunny Deol, Ameesha Patel, Amrish Puri, Lillette Dubey, Vivek Shauq",Anil Sharma,https://image.tmdb.org/t/p/w500/2Nd816rpRLxuq8YU3dPcDsoTpWR.jpg,https://image.tmdb.org/t/p/w1280/B47bK1b96q9q0j7M8V54gD3.jpg
1071215,Gadar 2,गदर 2,"Set during the Indo-Pakistani War of 1971, Tara Singh returns to Lahore to rescue his captured son from the clutches of an unforgiving Pakistani general.",2023-08-11,6.7,240,22.0,/f5f3TEVst1nHHyqgn7Z3tlwnBIH.jpg,/D3fB47bK1b96q9q0j7M8V54.jpg,"Action, Drama","1971 war, tara singh, rescue mission, sunny deol, blockbuster sequel",170,hi,False,"Sunny Deol, Ameesha Patel, Utkarsh Sharma, Manish Wadhwa, Gaurav Chopra",Anil Sharma,https://image.tmdb.org/t/p/w500/f5f3TEVst1nHHyqgn7Z3tlwnBIH.jpg,https://image.tmdb.org/t/p/w1280/D3fB47bK1b96q9q0j7M8V54.jpg
872905,Pathaan,पठान,An exiled RAW field operative teams up with a former ISI agent to thwart a rogue mercenary planning a biological weapon attack against India.,2023-01-25,6.8,480,32.0,/zrsaJk4VU9sbD42DC3S7h60lach.jpg,/fnB4ZcOQzZl5k3Gg8q4A6sD.jpg,"Action, Adventure, Thriller","raw agent, spy universe, biological weapon, jim, train stunt, shah rukh khan",146,hi,False,"Shah Rukh Khan, Deepika Padukone, John Abraham, Dimple Kapadia, Ashutosh Rana",Siddharth Anand,https://image.tmdb.org/t/p/w500/zrsaJk4VU9sbD42DC3S7h60lach.jpg,https://image.tmdb.org/t/p/w1280/fnB4ZcOQzZl5k3Gg8q4A6sD.jpg
998877,Kalki 2898 AD,కల్కి 2898 AD,A modern avatar of the Hindu god Vishnu is believed to have descended on earth to protect the world from evil forces in a dystopian futuristic city of Kasi.,2024-06-27,7.5,380,48.0,/rstcAnBeCkxNQjNp3YXrF6IP1tW.jpg,/sD1ofnB4ZcOQzZl5k3Gg8q4.jpg,"Action, Adventure, Science Fiction","mahabharata, dystopian future, ashwatthama, kalki avatar, sci-fi mythology, prabhas",181,te,False,"Prabhas, Amitabh Bachchan, Kamal Haasan, Deepika Padukone, Disha Patani",Nag Ashwin,https://image.tmdb.org/t/p/w500/rstcAnBeCkxNQjNp3YXrF6IP1tW.jpg,https://image.tmdb.org/t/p/w1280/sD1ofnB4ZcOQzZl5k3Gg8q4.jpg
891699,Salaar: Part 1 - Ceasefire,సలార్: పార్ట్ 1 – సీజ్ ఫైర్,A gang leader makes a promise to a dying friend and takes on other criminal gangs in the dystopian city of Khansaar to restore order.,2023-12-22,7.1,320,34.0,/tlcuhdNMKNGEVpGqBZrAaOOf1A6.jpg,/4gD3fB47bK1b96q9q0j7M8V.jpg,"Action, Crime, Drama","khansaar, friendship, underworld clans, deva, ceasefire, prashanth neel",175,te,False,"Prabhas, Prithviraj Sukumaran, Shruti Haasan, Jagapathi Babu, Bobby Simha",Prashanth Neel,https://image.tmdb.org/t/p/w500/tlcuhdNMKNGEVpGqBZrAaOOf1A6.jpg,https://image.tmdb.org/t/p/w1280/4gD3fB47bK1b96q9q0j7M8V.jpg
785538,Leo,லியோ,"A mild-mannered café owner in Himachal Pradesh becomes a local hero after stopping a violent robbery, but his actions draw the attention of a ruthless drug cartel that believes he is a former syndicate enforcer.",2023-10-19,7.3,420,36.0,/5svMKCGnR6Yvj8wxldvDvgUi0Jk.jpg,/7bK1b96q9q0j7M8V54gD3fB.jpg,"Action, Crime, Thriller","parthiban, leo das, lcu, hyena, himachal cafe, bloody sweet, thalapathy vijay",164,ta,False,"Vijay, Sanjay Dutt, Arjun Sarja, Trisha Krishnan, Gautham Vasudev Menon",Lokesh Kanagaraj,https://image.tmdb.org/t/p/w500/5svMKCGnR6Yvj8wxldvDvgUi0Jk.jpg,https://image.tmdb.org/t/p/w1280/7bK1b96q9q0j7M8V54gD3fB.jpg
866398,Jailer,ஜெயிலர்,"A retired prison warden sets out on a deadly hunt to track down the gangsters who killed his police officer son, unleashing his dormant violent past.",2023-08-10,7.4,410,35.0,/A7EByudX0eOzlkQ2FIbogzyazm2.jpg,/B47bK1b96q9q0j7M8V54gD3.jpg,"Action, Comedy, Crime","tiger muthuvel pandian, idol smuggling, rajinikanth, blast mohan, dark comedy mass",168,ta,False,"Rajinikanth, Vinayakan, Ramya Krishnan, Vasanth Ravi, Tamannaah Bhatia",Nelson Dilipkumar,https://image.tmdb.org/t/p/w500/A7EByudX0eOzlkQ2FIbogzyazm2.jpg,https://image.tmdb.org/t/p/w1280/B47bK1b96q9q0j7M8V54gD3.jpg
615658,Master,மாஸ்டர்,"An alcoholic college professor is sent to a juvenile detention facility, where he clashes with a ruthless gangster who uses the children for his criminal enterprises.",2021-01-13,7.4,390,28.0,/d8WJFQyNNAEmuGeDwxPhBpx0G4B.jpg,/D3fB47bK1b96q9q0j7M8V54.jpg,"Action, Thriller","juvenile home, kabaddi, jd professor, bhavani, alcohol addiction, thalapathy vijay",178,ta,False,"Vijay, Vijay Sethupathi, Malavika Mohanan, Andrea Jeremiah, Shanthanu Bhagyaraj",Lokesh Kanagaraj,https://image.tmdb.org/t/p/w500/d8WJFQyNNAEmuGeDwxPhBpx0G4B.jpg,https://image.tmdb.org/t/p/w1280/D3fB47bK1b96q9q0j7M8V54.jpg
438148,Vikram Vedha,விக்ரம் வேதா,"A righteous police officer leads an encounter squad to hunt down an elusive gangster. When the gangster voluntarily surrenders, he tells three parables that blur the lines between good and evil.",2017-07-21,8.0,380,22.4,/wKiOkZTN9lUUUNZLmtnwubZYONg.jpg,/fnB4ZcOQzZl5k3Gg8q4A6sD.jpg,"Action, Crime, Thriller","vikramaditya and betal, encounter cop, moral ambiguity, parables, chennai crime",147,ta,False,"Madhavan, Vijay Sethupathi, Shraddha Srinath, Kathir, Varalaxmi Sarathkumar",Pushkar-Gayathri,https://image.tmdb.org/t/p/w500/wKiOkZTN9lUUUNZLmtnwubZYONg.jpg,https://image.tmdb.org/t/p/w1280/fnB4ZcOQzZl5k3Gg8q4A6sD.jpg
851644,Sita Ramam,సీతా రామం,"An orphaned soldier serving on the Kashmir border receives anonymous letters from a woman named Sita Mahalakshmi. When he embarks on a quest to find her, love blossoms amid political conflict.",2022-08-05,8.1,340,25.0,/od22ftNnyag0TTxcnJhlsu3aLoU.jpg,/sD1ofnB4ZcOQzZl5k3Gg8q4.jpg,"Drama, Mystery, Romance","kashmir border, love letters, lieutenant ram, princess sita, 1965 war, dulquer salmaan",163,te,False,"Dulquer Salmaan, Mrunal Thakur, Rashmika Mandanna, Sumanth, Tharun Bhascker",Hanu Raghavapudi,https://image.tmdb.org/t/p/w500/od22ftNnyag0TTxcnJhlsu3aLoU.jpg,https://image.tmdb.org/t/p/w1280/sD1ofnB4ZcOQzZl5k3Gg8q4.jpg
1214484,Manjummel Boys,മഞ്ഞുമ്മൽ ബോയ്സ്,"A group of close-knit friends from a small town in Kochi travel to Kodaikanal for a holiday, where one of them falls into a deep, dangerous subterranean cave known as Guna Caves.",2024-02-22,8.1,390,32.0,/hIJRqqAaMUtQ13mZL6lCE6myhXH.jpg,/4gD3fB47bK1b96q9q0j7M8V.jpg,"Adventure, Drama, Thriller","guna caves, devil's kitchen, true rescue mission, friendship, kodaikanal",135,ml,False,"Soubin Shahir, Sreenath Bhasi, Balu Varghese, Ganapathi, Deepak Parambol",Chidambaram,https://image.tmdb.org/t/p/w500/hIJRqqAaMUtQ13mZL6lCE6myhXH.jpg,https://image.tmdb.org/t/p/w1280/4gD3fB47bK1b96q9q0j7M8V.jpg
1139566,Aavesham,ആവേശം,Three college students in Bangalore looking to seek revenge against their seniors befriend an eccentric local gangster named Ranga.,2024-04-11,8.0,360,30.5,/gwpTgtwVAwmvivBN8rAQABpx9Am.jpg,/7bK1b96q9q0j7M8V54gD3fB.jpg,"Action, Comedy","ranga anna, bangalore college, reel gangster, white clothes, fahadh faasil mass",158,ml,False,"Fahadh Faasil, Hipzster, Mithun Jai Shankar, Roshan Shanavas, Sajin Gopu",Jithu Madhavan,https://image.tmdb.org/t/p/w500/gwpTgtwVAwmvivBN8rAQABpx9Am.jpg,https://image.tmdb.org/t/p/w1280/7bK1b96q9q0j7M8V54gD3fB.jpg
1184918,Bramayugam,ഭ്രമയുഗം,"Set in 17th-century Kerala, a court singer escapes from slavery and stumbles upon a mysterious decaying mansion ruled by a sinister landlord who plays deadly games.",2024-02-15,7.9,310,27.0,/wTnV3PCVW5O92JMrFvvrRcV39RU.jpg,/B47bK1b96q9q0j7M8V54gD3.jpg,"Horror, Mystery, Thriller","black and white, kodumon poti, chathan, folklore horror, ancient mansion",139,ml,False,"Mammootty, Arjun Ashokan, Sidharth Bharathan, Amalda Liz, Manikandan R. Achari",Rahul Sadasivan,https://image.tmdb.org/t/p/w500/wTnV3PCVW5O92JMrFvvrRcV39RU.jpg,https://image.tmdb.org/t/p/w1280/B47bK1b96q9q0j7M8V54gD3.jpg
485470,The Goat Life,ആടുജീവിതം,"Based on the acclaimed novel by Benyamin, an Indian immigrant worker named Najeeb is deceived and enslaved as a goat herder in the merciless Saudi desert.",2024-03-28,7.8,350,31.0,/3pEs4hmeHvTAsmx09whEaPDOQpq.jpg,/D3fB47bK1b96q9q0j7M8V54.jpg,"Adventure, Drama","desert survival, modern slavery, goat herding, miracle escape, prithviraj",172,ml,False,"Prithviraj Sukumaran, Jimmy Jean-Louis, K.R. Gokul, Talib Al Balushi, Rik Aby",Blessy,https://image.tmdb.org/t/p/w500/3pEs4hmeHvTAsmx09whEaPDOQpq.jpg,https://image.tmdb.org/t/p/w1280/D3fB47bK1b96q9q0j7M8V54.jpg
260346,Lucia,ಲೂಸಿಯಾ,"An usher suffering from insomnia is given a special dream-inducing pill named Lucia, causing his waking life and vivid dream world to blur together.",2013-09-06,8.0,210,14.5,/vzvMXMypMq7ieDofKThsxjHj9hn.jpg,/fnB4ZcOQzZl5k3Gg8q4A6sD.jpg,"Drama, Mystery, Science Fiction, Thriller","insomnia, lucid dream, dream pill, single screen theatre, pawan kumar",136,kn,False,"Sathish Ninasam, Sruthi Hariharan, Achyuth Kumar, Sanjay, Krishna",Pawan Kumar,https://image.tmdb.org/t/p/w500/vzvMXMypMq7ieDofKThsxjHj9hn.jpg,https://image.tmdb.org/t/p/w1280/fnB4ZcOQzZl5k3Gg8q4A6sD.jpg
10567,Swades (Remastered),स्वदेश,A project manager at NASA returns to India to find his childhood nanny and ends up spearheading a community-led rural electrification project.,2004-12-17,8.0,430,18.2,/rSje3FS7ycJSglowlngjsvDt7vO.jpg,/sD1ofnB4ZcOQzZl5k3Gg8q4.jpg,Drama,"rural development, caravan, water turbine, village council, patriotism",210,hi,False,"Shah Rukh Khan, Gayatri Joshi, Kishori Ballal, Rajesh Vivek, Daya Shankar Pandey",Ashutosh Gowariker,https://image.tmdb.org/t/p/w500/rSje3FS7ycJSglowlngjsvDt7vO.jpg,https://image.tmdb.org/t/p/w1280/sD1ofnB4ZcOQzZl5k3Gg8q4.jpg
24250,Lagaan: Once Upon a Time in India,लगान,The people of a small village in Victorian India stake their future on a game of cricket against their ruthless British rulers.,2001-06-15,7.9,690,23.0,/yNX9lFRAFeNLNRIXdqZK9gYrYKa.jpg,/4gD3fB47bK1b96q9q0j7M8V.jpg,"Adventure, Drama, Musical, Sport","bhuvan, kachra, three years tax waiver, champaner, aamir khan",224,hi,False,"Aamir Khan, Gracy Singh, Rachel Shelley, Paul Blackthorne, Kulbhushan Kharbanda",Ashutosh Gowariker,https://image.tmdb.org/t/p/w500/yNX9lFRAFeNLNRIXdqZK9gYrYKa.jpg,https://image.tmdb.org/t/p/w1280/4gD3fB47bK1b96q9q0j7M8V.jpg
14199,Border,बॉर्डर,A band of 120 soldiers of the Punjab regiment of the Indian Army defend the isolated Longewala post against a massive Pakistani tank attack during the 1971 war.,1997-06-13,7.6,310,19.0,/xpFbHSkRgOxOoutKqXob9T8iBPA.jpg,/7bK1b96q9q0j7M8V54gD3fB.jpg,"Action, Drama, History, War","battle of longewala, sand dunes, desert warfare, sandesh aate hain, sunny deol",176,hi,False,"Sunny Deol, Suniel Shetty, Akshaye Khanna, Jackie Shroff, Sudesh Berry",J.P. Dutta,https://image.tmdb.org/t/p/w500/xpFbHSkRgOxOoutKqXob9T8iBPA.jpg,https://image.tmdb.org/t/p/w1280/7bK1b96q9q0j7M8V54gD3fB.jpg
551804,Kaabil,काबिल,A blind voice-over artist sets out on a calculated mission of vengeance against corrupt politicians who destroyed his wife's life.,2017-01-25,7.3,280,18.0,/8xC6QSyxrpm0D5A6iyHNemEWBVe.jpg,/B47bK1b96q9q0j7M8V54gD3.jpg,"Action, Crime, Drama, Thriller","visually impaired, voice mimicry, revenge trap, corrupt police, hrithik roshan",139,hi,False,"Hrithik Roshan, Yami Gautam, Ronit Roy, Rohit Roy, Narendra Jha",Sanjay Gupta,https://image.tmdb.org/t/p/w500/8xC6QSyxrpm0D5A6iyHNemEWBVe.jpg,https://image.tmdb.org/t/p/w1280/B47bK1b96q9q0j7M8V54gD3.jpg
435366,Raees,रईस,"Set in Gujarat in the 1980s, a street-smart bootlegger builds an empire while a relentless, principled police officer tries to bring him down.",2017-01-25,7.1,330,20.0,/8tE4MhhuWHize6pNyxAtakUyNZc.jpg,/D3fB47bK1b96q9q0j7M8V54.jpg,"Action, Crime, Drama","gujarat prohibition, bootlegging, battery bhai, acp majmudar, shah rukh khan",143,hi,False,"Shah Rukh Khan, Nawazuddin Siddiqui, Mahira Khan, Mohammed Zeeshan Ayyub, Sheeba Chaddha",Rahul Dholakia,https://image.tmdb.org/t/p/w500/8tE4MhhuWHize6pNyxAtakUyNZc.jpg,https://image.tmdb.org/t/p/w1280/D3fB47bK1b96q9q0j7M8V54.jpg
361292,Sultan,सुल्तान,"A middle-aged wrestler from Haryana battles inner demons, personal tragedy, and physical limitations to make a triumphant comeback in mixed martial arts.",2016-07-06,7.1,380,22.0,/bRpKFPb8CWKRQxVo9NzOuPPlO3Q.jpg,/fnB4ZcOQzZl5k3Gg8q4A6sD.jpg,"Action, Drama, Sport","wrestling, mma comeback, haryana akhaada, blood donation, salman khan",170,hi,False,"Salman Khan, Anushka Sharma, Randeep Hooda, Amit Sadh, Marko Zaror",Ali Abbas Zafar,https://image.tmdb.org/t/p/w500/bRpKFPb8CWKRQxVo9NzOuPPlO3Q.jpg,https://image.tmdb.org/t/p/w1280/fnB4ZcOQzZl5k3Gg8q4A6sD.jpg
482104,Tiger Zinda Hai,टाइगर जिंदा है,"When a team of Indian and Pakistani nurses is taken hostage by a terrorist organization in Iraq, RAW agent Tiger and ISI agent Zoya join forces to rescue them.",2017-12-22,6.9,390,24.5,/lHKYg396tFQ5vRx4SlnYwwFyolj.jpg,/sD1ofnB4ZcOQzZl5k3Gg8q4.jpg,"Action, Adventure, Thriller","hostage rescue, iraq hospital, raw and isi alliance, tiger and zoya, salman khan",161,hi,False,"Salman Khan, Katrina Kaif, Sajjad Delafrooz, Angad Bedi, Kumud Mishra",Ali Abbas Zafar,https://image.tmdb.org/t/p/w500/lHKYg396tFQ5vRx4SlnYwwFyolj.jpg,https://image.tmdb.org/t/p/w1280/sD1ofnB4ZcOQzZl5k3Gg8q4.jpg
585244,War,वॉर,"An Indian soldier is assigned to eliminate his former mentor, a rogue special forces agent who has turned rogue and assassinated high-profile diplomats.",2019-10-02,7.0,350,26.0,/dqA2FCzz4OMmXLitKopzf476RVB.jpg,/4gD3fB47bK1b96q9q0j7M8V.jpg,"Action, Thriller","mentor vs student, facial reconstruction, arctic chase, spy universe, hrithik tiger",154,hi,False,"Hrithik Roshan, Tiger Shroff, Vaani Kapoor, Ashutosh Rana, Anupriya Goenka",Siddharth Anand,https://image.tmdb.org/t/p/w500/dqA2FCzz4OMmXLitKopzf476RVB.jpg,https://image.tmdb.org/t/p/w1280/4gD3fB47bK1b96q9q0j7M8V.jpg
786892,Pathaan 2 Concept,पठान,"RAW's top agent tackles a dangerous bioterror threat in an adrenaline-pumping globe-trotting mission across Russia, Spain, and Dubai.",2023-01-25,6.9,420,28.0,/iADOJ8Zymht2JPMoy3R7xceZprc.jpg,/7bK1b96q9q0j7M8V54gD3fB.jpg,"Action, Adventure, Thriller","spy thriller, jet pack, helicopter stunt, deep cover, yrf spy universe",146,hi,False,"Shah Rukh Khan, Deepika Padukone, John Abraham, Dimple Kapadia, Salman Khan",Siddharth Anand,https://image.tmdb.org/t/p/w500/iADOJ8Zymht2JPMoy3R7xceZprc.jpg,https://image.tmdb.org/t/p/w1280/7bK1b96q9q0j7M8V54gD3fB.jpg
10568,Karan Arjun,करण अर्जुन,"Two brothers murdered by their greedy uncle are reincarnated in different corners of India, driven by their mother's unshakeable faith that they will return for revenge.",1995-01-13,7.1,280,17.5,/3GMbILAAjMdoVCba5fWjhz2ONuf.jpg,/B47bK1b96q9q0j7M8V54gD3.jpg,"Action, Drama, Fantasy","reincarnation, mere karan arjun aayenge, durga singh, rajasthan, cult 90s",175,hi,False,"Salman Khan, Shah Rukh Khan, Raakhee Gulzar, Amrish Puri, Kajol",Rakesh Roshan,https://image.tmdb.org/t/p/w500/3GMbILAAjMdoVCba5fWjhz2ONuf.jpg,https://image.tmdb.org/t/p/w1280/B47bK1b96q9q0j7M8V54gD3.jpg
20457,Welcome,वेलकम,"A respectable man desperately seeks a bride for his nephew, but inadvertently falls in love with the sister of two notorious underworld crime bosses.",2007-12-21,7.3,340,21.0,/3TlW75w0Lo4uT6l8WRf3pdxbHHs.jpg,/D3fB47bK1b96q9q0j7M8V54.jpg,"Comedy, Crime, Drama","uday bhai, majnu bhai painting, don wants sister married, ghungroo seth, anil kapoor",159,hi,False,"Akshay Kumar, Katrina Kaif, Nana Patekar, Anil Kapoor, Paresh Rawal",Anees Bazmee,https://image.tmdb.org/t/p/w500/3TlW75w0Lo4uT6l8WRf3pdxbHHs.jpg,https://image.tmdb.org/t/p/w1280/D3fB47bK1b96q9q0j7M8V54.jpg
13920,Don 2,डॉन २,"Having conquered the Asian underworld, Don turns his sights on European domination, engineering a high-stakes heist inside a secure German federal bank in Berlin.",2011-12-23,7.1,390,22.4,/uQ6ci4iFHhB6TWB2f4wftR7AEly.jpg,/fnB4ZcOQzZl5k3Gg8q4A6sD.jpg,"Action, Crime, Thriller","berlin heist, currency printing plates, Interpol chase, king of underworld, don",148,hi,False,"Shah Rukh Khan, Priyanka Chopra Jonas, Boman Irani, Lara Dutta, Kunal Kapoor",Farhan Akhtar,https://image.tmdb.org/t/p/w500/uQ6ci4iFHhB6TWB2f4wftR7AEly.jpg,https://image.tmdb.org/t/p/w1280/fnB4ZcOQzZl5k3Gg8q4A6sD.jpg
614930,Stree 2,स्त्री 2,"The town of Chanderi faces a terrifying new headless entity named Sarkata that abducts women, forcing Vicky and his friends to summon Stree to defeat it.",2024-08-15,7.4,320,35.0,/gyh0eECE2IqrW8GWl3KoHBfc45j.jpg,/sD1ofnB4ZcOQzZl5k3Gg8q4.jpg,"Comedy, Horror","sarkata, chanderi, horror comedy universe, stree, rajkummar rao blockbuster",147,hi,False,"Rajkummar Rao, Shraddha Kapoor, Pankaj Tripathi, Abhishek Banerjee, Aparshakti Khurana",Amar Kaushik,https://image.tmdb.org/t/p/w500/gyh0eECE2IqrW8GWl3KoHBfc45j.jpg,https://image.tmdb.org/t/p/w1280/sD1ofnB4ZcOQzZl5k3Gg8q4.jpg
